date,open,high,low,close,adjclose,volume,c_id,event_timestamp
1990-02-28,1836.0,1975.0,1827.0,1972.0,1972.0,0,eb9bd506-0024-4669-8cc2-e7aa4affba8a,2022-05-20 10:53:47.169715
1990-03-31,1951.0,2141.0,1937.0,2046.0,2046.0,0,900704cd-719d-4fbb-9933-9ff2b91035dd,2022-05-20 10:53:47.169753
1990-04-30,2056.0,2141.0,2048.0,2107.0,2107.0,0,17e32374-999e-48cc-b4dc-c125486dd2c1,2022-05-20 10:53:47.169765
1990-05-31,2102.0,2102.0,1972.0,2035.0,2035.0,0,049c35b3-613d-4efc-a17e-61cabff122a0,2022-05-20 10:53:47.169777
1990-06-30,2025.0,2046.0,1945.0,1965.0,1965.0,0,63be291c-7d6c-4bf2-bd40-c8387b02948f,2022-05-20 10:53:47.169786
1990-07-31,1959.0,1966.0,1507.0,1690.0,1690.0,0,e21d1c49-f5f1-4ce8-a232-a66e6e24e3f2,2022-05-20 10:53:47.169794
1990-08-31,1668.0,1687.0,1472.0,1499.0,1499.0,0,b704d13e-de3b-4723-aec1-bd8e4a7ca000,2022-05-20 10:53:47.169802
1990-09-30,1515.0,1682.0,1511.0,1645.0,1645.0,0,79d54cf5-f77d-4042-93b4-7ec5c57bd9ab,2022-05-20 10:53:47.169811
1990-10-31,1630.0,1654.0,1549.0,1605.0,1605.0,0,cb647e41-b6ea-4d62-8b63-69b5ab79d483,2022-05-20 10:53:47.169818
1990-11-30,1628.0,1709.0,1498.0,1509.0,1509.0,0,5eead5e1-89ce-4457-babc-d1cc2c18ad18,2022-05-20 10:53:47.169826
1990-12-31,1504.0,1600.0,1425.0,1580.0,1580.0,0,461207f9-999c-4783-8041-3dde9b71427f,2022-05-20 10:53:47.169843
1991-01-31,1577.0,1762.0,1565.0,1760.0,1760.0,0,d42c3fde-4890-43a6-925b-5944649835db,2022-05-20 10:53:47.169851
1991-02-28,1746.0,1855.0,1726.0,1816.0,1816.0,0,650a08e2-20c2-4408-bf12-048907f66a16,2022-05-20 10:53:47.169859
1991-03-31,1815.0,1859.0,1762.0,1779.0,1779.0,0,f66e01a4-f968-4290-8aab-be124e5ac24e,2022-05-20 10:53:47.169867
1991-04-30,1793.0,1864.4000244140625,1785.5,1861.800048828125,1861.800048828125,0,44bbd3b2-75e2-496c-af84-d694dda8e057,2022-05-20 10:53:47.169875
1991-05-31,1864.5,1877.9000244140625,1734.5,1747.5999755859375,1747.5999755859375,0,0e78d355-2795-419b-8722-c7c8a7223b9b,2022-05-20 10:53:47.169886
1991-06-30,1767.699951171875,1785.800048828125,1697.0999755859375,1754.699951171875,1754.699951171875,0,6065b46a-00fd-4a12-8a10-c93efb1813be,2022-05-20 10:53:47.169904
1991-07-31,1762.0999755859375,1867.5999755859375,1663.300048828125,1864.300048828125,1864.300048828125,0,0cdfb615-3615-42d5-9bc0-dc39573be0e4,2022-05-20 10:53:47.169921
1991-08-31,1859.9000244140625,1897.300048828125,1838.0,1880.5999755859375,1880.5999755859375,0,43f9a65e-db17-447f-bc2c-66038d0444ac,2022-05-20 10:53:47.169930
1991-09-30,1888.0,1892.4000244140625,1825.5999755859375,1856.699951171875,1856.699951171875,0,2bc28224-aec5-40c1-bbca-3e1038d28160,2022-05-20 10:53:47.169939
1991-10-31,1854.699951171875,1872.4000244140625,1731.5,1739.699951171875,1739.699951171875,0,ad38cdb8-c3da-4856-8152-f9aa2a9cbb8f,2022-05-20 10:53:47.169958
1991-11-30,1720.0999755859375,1787.699951171875,1610.199951171875,1765.699951171875,1765.699951171875,0,e504a793-804f-4bdb-8244-9ee5b43c645d,2022-05-20 10:53:47.169967
1991-12-31,1755.300048828125,1895.800048828125,1746.5999755859375,1875.300048828125,1875.300048828125,0,1193b228-5e57-4811-acdb-ab6fe2274bb9,2022-05-20 10:53:47.169984
1992-01-31,1869.0999755859375,2004.199951171875,1840.300048828125,1983.4000244140625,1983.4000244140625,0,654d1870-f1b9-4b62-aabf-af3c4d918951,2022-05-20 10:53:47.169993
1992-02-29,1974.800048828125,1997.5999755859375,1877.5,1942.4000244140625,1942.4000244140625,0,0b7706e2-f731-4ccc-82dc-dbd5ef69b73f,2022-05-20 10:53:47.170006
1992-03-31,1933.4000244140625,2042.5,1899.9000244140625,2031.0999755859375,2031.0999755859375,0,4f673f6e-fc63-4a01-a6dd-c7e5c7716833,2022-05-20 10:53:47.170015
1992-04-30,2023.699951171875,2080.800048828125,1995.199951171875,2033.300048828125,2033.300048828125,0,98779d41-7c8f-4fbc-b304-b88d79b73417,2022-05-20 10:53:47.170024
1992-05-31,2027.9000244140625,2035.699951171875,1880.5,1900.5999755859375,1900.5999755859375,0,54978251-dd11-49f8-ae19-5407406112fb,2022-05-20 10:53:47.170033
1992-06-30,1893.0,1900.5999755859375,1715.4000244140625,1754.699951171875,1754.699951171875,0,e8464e83-cafd-4656-8ee3-c33ed3cbc1a5,2022-05-20 10:53:47.170042
1992-07-31,1755.5,1810.4000244140625,1640.9000244140625,1684.9000244140625,1684.9000244140625,0,4c9a126e-1197-461c-a09e-5001848a0a4d,2022-05-20 10:53:47.170051
1992-08-31,1680.300048828125,1893.5999755859375,1659.800048828125,1736.699951171875,1736.699951171875,0,36f31d2d-8e00-41c2-80af-3aea1877c38e,2022-05-20 10:53:47.170065
1992-09-30,1758.4000244140625,1785.4000244140625,1577.699951171875,1742.4000244140625,1742.4000244140625,0,ed2d416b-fb4c-4a1d-8c36-17bba5d27cde,2022-05-20 10:53:47.170074
1992-10-31,1770.0999755859375,1831.199951171875,1660.4000244140625,1771.4000244140625,1771.4000244140625,0,ac034ef0-852a-4486-8742-cbbb81c74797,2022-05-20 10:53:47.170084
1992-11-30,1771.9000244140625,1874.199951171875,1707.0999755859375,1857.800048828125,1857.800048828125,0,dd1f00d9-c662-4ffb-ae5a-50d9e502cf85,2022-05-20 10:53:47.170093
1992-12-31,1834.5,1870.4000244140625,1755.9000244140625,1772.199951171875,1772.199951171875,0,9f187daf-0cab-4705-a171-a0efcefac7b2,2022-05-20 10:53:47.170102
1993-01-31,1766.300048828125,1987.0,1766.300048828125,1983.699951171875,1983.699951171875,0,66c55ec5-e264-46ca-b9fb-9db005bb996c,2022-05-20 10:53:47.170111
1993-02-28,2005.199951171875,2050.10009765625,1927.199951171875,2031.4000244140625,2031.4000244140625,0,f76a478f-98c8-4078-b171-75233223093b,2022-05-20 10:53:47.170125
1993-03-31,2023.199951171875,2027.0,1899.199951171875,1939.0,1939.0,0,651a5772-e09e-41f6-a0fd-f72fb669139b,2022-05-20 10:53:47.170141
1993-04-30,1925.300048828125,1943.0999755859375,1821.300048828125,1888.699951171875,1888.699951171875,0,8f212a59-2816-4a59-9aaa-d8191fca8103,2022-05-20 10:53:47.170150
1993-05-31,1870.800048828125,1994.300048828125,1853.300048828125,1971.9000244140625,1971.9000244140625,0,a2d551d7-602e-4c90-be5b-5a5d24939761,2022-05-20 10:53:47.170159
1993-06-30,1982.699951171875,2099.10009765625,1909.800048828125,2085.89990234375,2085.89990234375,0,2dc722cd-a28b-4f35-9e97-1ede3218ead5,2022-05-20 10:53:47.170168
1993-07-31,2131.199951171875,2222.89990234375,2085.800048828125,2216.5,2216.5,0,02cebfc9-83a7-4b80-ac31-6b0505a335ee,2022-05-20 10:53:47.170183
1993-08-31,2205.10009765625,2207.60009765625,2052.0,2114.60009765625,2114.60009765625,0,79846cbd-bf29-4903-9f20-e0563e06da94,2022-05-20 10:53:47.170192
1993-09-30,2114.39990234375,2240.199951171875,2102.800048828125,2182.0,2182.0,0,488fd295-470a-4fe5-83c5-88442318bde8,2022-05-20 10:53:47.170201
1993-10-31,2174.300048828125,2191.800048828125,2056.89990234375,2110.10009765625,2110.10009765625,0,de53cd4b-ebd0-4be9-b796-27dc992e316a,2022-05-20 10:53:47.170210
1993-11-30,2118.60009765625,2289.5,2112.60009765625,2268.199951171875,2268.199951171875,0,6b23396c-3379-4545-9e44-abfff35deefd,2022-05-20 10:53:47.170219
1993-12-31,2263.0,2349.199951171875,2217.800048828125,2334.39990234375,2334.39990234375,0,6e65f64e-9226-4e62-9630-e0fe6f69c1df,2022-05-20 10:53:47.170227
1994-01-31,2339.10009765625,2361.0,2178.199951171875,2238.10009765625,2238.10009765625,0,88ba162d-02f0-44c9-b5bf-1aa06e097e85,2022-05-20 10:53:47.170236
1994-02-28,2241.699951171875,2260.60009765625,2069.39990234375,2081.89990234375,2081.89990234375,0,a19d0f92-7428-4d6e-84fc-c1a87ae6b4c7,2022-05-20 10:53:47.170245
1994-03-31,2067.800048828125,2188.60009765625,2057.199951171875,2166.0,2166.0,0,aa23e8fe-8ab0-4926-8482-fc25011ffd05,2022-05-20 10:53:47.170254
1994-04-30,2178.10009765625,2217.699951171875,2013.5999755859375,2029.9000244140625,2029.9000244140625,0,ed2d05ad-65c2-4576-a371-f5755d0b5f47,2022-05-20 10:53:47.170263
1994-05-31,2043.4000244140625,2060.39990234375,1856.300048828125,1892.0,1892.0,0,e8734db1-5c3e-4f94-a2fd-3868cd31ddbc,2022-05-20 10:53:47.170272
1994-06-30,1899.300048828125,2092.699951171875,1854.800048828125,2075.0,2075.0,0,c2ac6771-e9cd-4724-8df6-fe1a07204617,2022-05-20 10:53:47.170281
1994-07-31,2077.199951171875,2125.5,1962.4000244140625,2069.10009765625,2069.10009765625,0,61d378e5-fee2-4502-b9a9-73276bcada52,2022-05-20 10:53:47.170289
1994-08-31,2064.800048828125,2064.800048828125,1856.5,1879.300048828125,1879.300048828125,0,6ae6cb2e-0a27-4ba8-8d02-3d59ecb2212f,2022-05-20 10:53:47.170298
1994-09-30,1865.300048828125,1959.5,1796.800048828125,1905.699951171875,1905.699951171875,0,6731e516-5732-4946-904f-bea84cf2a1d5,2022-05-20 10:53:47.170330
1994-10-31,1880.4000244140625,1978.0,1867.5,1975.9000244140625,1975.9000244140625,0,da331fd9-6bc1-4a37-a6e0-d73a745fbc16,2022-05-20 10:53:47.170340
1994-11-30,1976.199951171875,2003.199951171875,1873.0999755859375,1881.199951171875,1881.199951171875,0,c688f934-3693-4432-aaa0-183373a94485,2022-05-20 10:53:47.170349
1994-12-31,1883.4000244140625,1909.800048828125,1764.4000244140625,1797.9000244140625,1797.9000244140625,0,ca32db35-f8ad-4c2f-91fa-2bcd1d4bbb00,2022-05-20 10:53:47.170359
1995-01-31,1811.0999755859375,1887.800048828125,1769.699951171875,1776.9000244140625,1776.9000244140625,0,4bd431a6-4824-44a1-a635-97743e493dfa,2022-05-20 10:53:47.170368
1995-02-28,1786.800048828125,1899.5,1711.800048828125,1859.5,1859.5,0,e73beb3b-d0fe-4be2-a628-da11727e53bf,2022-05-20 10:53:47.170377
1995-03-31,1847.800048828125,1962.9000244140625,1838.5999755859375,1918.5,1918.5,0,1aad9b13-fcc0-4b59-b483-8d397e0fd4ee,2022-05-20 10:53:47.170386
1995-04-30,1912.9000244140625,2025.199951171875,1912.9000244140625,1948.0,1948.0,0,a352851f-aeb1-47ac-be2c-3bdb7eb9a23c,2022-05-20 10:53:47.170395
1995-05-31,1963.4000244140625,1983.5999755859375,1850.699951171875,1858.800048828125,1858.800048828125,0,5af1eed8-3422-4ffa-8df2-163b9334d935,2022-05-20 10:53:47.170403
1995-06-30,1858.699951171875,1972.5999755859375,1856.5,1920.0,1920.0,0,d3b490fc-128e-4321-9a72-82a65dff0829,2022-05-20 10:53:47.170412
1995-07-31,1929.699951171875,1989.4000244140625,1873.0,1883.4000244140625,1883.4000244140625,0,6e66681a-35b6-437d-ac3a-e647df51bb15,2022-05-20 10:53:47.170421
1995-08-31,1885.699951171875,1911.4000244140625,1747.5,1788.4000244140625,1788.4000244140625,0,424569f0-8ba9-4cde-8fef-61855e83b096,2022-05-20 10:53:47.170430
1995-09-30,1788.300048828125,1830.5,1713.300048828125,1814.0,1814.0,0,ae5d0760-bb1b-4c00-beeb-d040c5fdf01a,2022-05-20 10:53:47.170439
1995-10-31,1835.0999755859375,1910.0,1805.5999755859375,1828.300048828125,1828.300048828125,0,77d8e60a-97b3-4b56-8c49-4f3de6aea59d,2022-05-20 10:53:47.170448
1995-11-30,1828.4000244140625,1896.0,1766.5999755859375,1872.0,1872.0,0,7ce74cf2-9455-4241-9752-fbcbdaf08f51,2022-05-20 10:53:47.170457
1995-12-31,1873.4000244140625,2021.0,1873.0999755859375,2021.0,2021.0,0,cf77abbb-c54a-4c85-9aaf-5d70c7c76c41,2022-05-20 10:53:47.170466
1996-01-31,2021.0999755859375,2032.4000244140625,1914.0,1990.800048828125,1990.800048828125,0,328ae59e-fb96-42eb-8f65-9f46a61896f0,2022-05-20 10:53:47.170481
1996-02-29,2004.5,2048.199951171875,1919.0999755859375,2044.800048828125,2044.800048828125,0,f7c46bf8-98a1-4e7e-8834-07b0fa267cf4,2022-05-20 10:53:47.170490
1996-03-31,2059.39990234375,2151.60009765625,2041.0999755859375,2146.800048828125,2146.800048828125,0,b2a86d2b-7472-4197-9c9e-087b4bce8eb4,2022-05-20 10:53:47.170499
1996-04-30,2154.89990234375,2164.199951171875,2074.60009765625,2110.10009765625,2110.10009765625,0,8fa1831d-994d-4cb5-a95e-df2240ec8ab4,2022-05-20 10:53:47.170508
1996-05-31,2105.39990234375,2147.5,2073.10009765625,2123.699951171875,2123.699951171875,0,08cf0693-7cb0-44ac-8e5d-e5ad309604d1,2022-05-20 10:53:47.170517
1996-06-30,2110.89990234375,2131.0,1939.5999755859375,1995.9000244140625,1995.9000244140625,0,e8b60b47-cb3f-4667-8098-06e19110b329,2022-05-20 10:53:47.170526
1996-07-31,2003.0,2031.5,1962.4000244140625,1970.5999755859375,1970.5999755859375,0,2776d7e6-1292-4dc9-b7a2-e7847b63fab3,2022-05-20 10:53:47.170535
1996-08-31,1972.699951171875,2133.10009765625,1949.699951171875,2132.800048828125,2132.800048828125,0,76ab9478-a1cd-445e-9bfa-9b2fd483cb1c,2022-05-20 10:53:47.170544
1996-09-30,2131.5,2190.800048828125,2116.800048828125,2140.5,2140.5,0,df2fcdd8-4d45-4149-a371-ddc4d38b5dd8,2022-05-20 10:53:47.170553
1996-10-31,2121.60009765625,2327.800048828125,2121.60009765625,2315.699951171875,2315.699951171875,0,9c0a22e3-77d6-4753-859a-0a9688443ff4,2022-05-20 10:53:47.170561
1996-11-30,2308.0,2358.699951171875,2171.60009765625,2315.699951171875,2315.699951171875,0,947a7139-b0c3-4b01-b1ff-5787eca9a77c,2022-05-20 10:53:47.170577
1996-12-31,2305.89990234375,2521.89990234375,2251.5,2516.60009765625,2516.60009765625,0,aa24eef7-9343-4ba2-a189-6a0f889b133f,2022-05-20 10:53:47.170586
1997-01-31,2519.699951171875,2658.60009765625,2498.800048828125,2607.800048828125,2607.800048828125,0,9a82526a-7d38-4a0b-b79d-0e157954d9df,2022-05-20 10:53:47.170608
1997-02-28,2616.89990234375,2736.699951171875,2541.5,2656.699951171875,2656.699951171875,0,707dd2eb-44d3-4e05-8ab3-3c1645534327,2022-05-20 10:53:47.170617
1997-03-31,2585.10009765625,2644.800048828125,2487.800048828125,2639.5,2639.5,0,99da563b-4ecc-4303-afd6-24180fecac16,2022-05-20 10:53:47.170626
1997-04-30,2646.10009765625,2804.5,2536.10009765625,2583.89990234375,2583.89990234375,0,23b1886a-9bad-4ffb-b955-c6c610530505,2022-05-20 10:53:47.170641
1997-05-31,2512.60009765625,2903.199951171875,2498.800048828125,2858.300048828125,2858.300048828125,0,a1e6c9eb-e194-4b42-9c1a-8eaa420697f1,2022-05-20 10:53:47.170650
1997-06-30,2866.10009765625,3107.300048828125,2830.699951171875,3075.699951171875,3075.699951171875,0,665a13f5-24c8-4e57-92b4-0605ae225cd6,2022-05-20 10:53:47.170663
1997-07-31,3097.199951171875,3097.199951171875,2764.10009765625,2770.5,2770.5,0,ee4ea6e7-5444-4851-b3b5-94c952e3a377,2022-05-20 10:53:47.170672
1997-08-31,2796.39990234375,3027.89990234375,2781.39990234375,3008.300048828125,3008.300048828125,0,01e3ef7a-99f1-49d0-b652-e68707074232,2022-05-20 10:53:47.170681
1997-09-30,2999.10009765625,3114.0,2475.0,2739.300048828125,2739.300048828125,0,6690f6b8-a322-4686-99c6-a799abfe1739,2022-05-20 10:53:47.170690
1997-10-31,2746.0,2876.300048828125,2649.5,2854.39990234375,2854.39990234375,0,181faa52-13a5-4237-a964-5d9834e940c5,2022-05-20 10:53:47.170698
1997-11-30,2878.39990234375,3007.300048828125,2815.699951171875,2998.89990234375,2998.89990234375,0,bc6cc4af-4a9b-4c2d-95ab-4c006807dea8,2022-05-20 10:53:47.170707
1997-12-31,3012.0,3174.0,2809.699951171875,3172.10009765625,3172.10009765625,0,c7e9d7cc-3d54-485f-85ce-da9e8dea471a,2022-05-20 10:53:47.170743
1998-01-31,3206.300048828125,3431.5,3147.800048828125,3421.89990234375,3421.89990234375,0,4b33921c-032c-4797-a49b-800a4e9f55cf,2022-05-20 10:53:47.170759
1998-02-28,3420.800048828125,3886.10009765625,3329.39990234375,3875.300048828125,3875.300048828125,0,2cde44ea-db79-4b3a-92a6-c766d8e8cdcc,2022-05-20 10:53:47.170770
1998-03-31,3885.300048828125,3992.199951171875,3667.0,3880.919921875,3880.919921875,0,ded3f57a-b653-4c97-940a-6de516995b25,2022-05-20 10:53:47.170784
1998-04-30,3948.469970703125,4146.7900390625,3900.169921875,4041.159912109375,4041.159912109375,0,83f3f3cf-f4cd-4e29-bd85-8ae18bbc5597,2022-05-20 10:53:47.170794
1998-05-31,4061.93994140625,4263.60986328125,3947.93994140625,4203.4501953125,4203.4501953125,0,7ff62c00-c1df-4245-9750-9ffdb1fa99e3,2022-05-20 10:53:47.170808
1998-06-30,4260.740234375,4404.93994140625,4094.889892578125,4177.31005859375,4177.31005859375,0,ce351386-9bb3-41b8-a530-7c908d9b8814,2022-05-20 10:53:47.170817
1998-07-31,4091.6201171875,4159.7001953125,3584.260009765625,3765.22998046875,3765.22998046875,0,8c86e71d-bc9b-49e8-ba89-2722d164e572,2022-05-20 10:53:47.170835
1998-08-31,3563.510009765625,3822.909912109375,3185.510009765625,3197.949951171875,3197.949951171875,0,b768ab62-3117-4bdb-bd82-e755b39193d1,2022-05-20 10:53:47.170852
1998-09-30,3129.340087890625,3560.030029296875,2881.2099609375,3522.929931640625,3522.929931640625,0,700fd188-0a32-4b3f-9511-189ebd3ef37d,2022-05-20 10:53:47.170861
1998-10-31,3552.449951171875,3983.2900390625,3502.760009765625,3843.3798828125,3843.3798828125,0,68f033f0-d805-4068-b8fa-914ec2520c81,2022-05-20 10:53:47.170870
1998-11-30,3756.97998046875,3942.659912109375,3584.419921875,3942.659912109375,3942.659912109375,0,36beb1c1-83f2-45b7-b73d-143fc448a53f,2022-05-20 10:53:47.170880
1998-12-31,4030.43994140625,4320.52001953125,3845.77001953125,4251.7998046875,4251.7998046875,0,180953a9-b1a6-45d7-aa7b-b14b578cf518,2022-05-20 10:53:47.170889
1999-01-31,4310.68994140625,4354.2900390625,3954.56005859375,4092.93994140625,4092.93994140625,0,7ef76b66-208b-4a0a-b933-b8436cd28fa9,2022-05-20 10:53:47.170919
1999-02-28,4096.27001953125,4262.31982421875,3986.580078125,4197.8798828125,4197.8798828125,0,a129fb37-21c8-4374-bc24-66355c160e10,2022-05-20 10:53:47.170930
1999-03-31,4154.75,4432.58984375,4150.7900390625,4405.35009765625,4405.35009765625,0,73ad9242-17a6-49b0-940c-15c706d6a79f,2022-05-20 10:53:47.170939
1999-04-30,4413.72021484375,4483.93994140625,4243.22021484375,4351.2900390625,4351.2900390625,0,588bd12a-4a85-4e97-a745-e4bbbd008d74,2022-05-20 10:53:47.170948
1999-05-31,4323.080078125,4587.97021484375,4282.7900390625,4536.60986328125,4536.60986328125,0,2eff9b77-760f-4943-8e9b-9b8bbd144dcc,2022-05-20 10:53:47.170957
1999-06-30,4608.580078125,4702.6201171875,4291.93994140625,4382.06005859375,4382.06005859375,0,30b4068d-17b5-4dde-9d85-4d02b6c23bcb,2022-05-20 10:53:47.170966
1999-07-31,4321.18017578125,4671.27978515625,4197.3798828125,4589.22021484375,4589.22021484375,0,882667f2-fdd8-4532-96a4-4d1a48e824f1,2022-05-20 10:53:47.170975
1999-08-31,4606.7998046875,4773.81982421875,4499.8701171875,4591.419921875,4591.419921875,0,555ce84b-73ec-4794-94a3-e3f1ffd7adeb,2022-05-20 10:53:47.170984
1999-09-30,4588.7998046875,4903.43017578125,4452.93017578125,4888.6201171875,4888.6201171875,0,a2f489f5-1c20-4685-9796-47981b5c07da,2022-05-20 10:53:47.170993
1999-10-31,4872.8798828125,5443.22998046875,4831.81982421875,5341.6201171875,5341.6201171875,0,187f9b03-89bb-460f-a355-cd4814da6fa5,2022-05-20 10:53:47.171002
1999-11-30,5315.75,5979.5400390625,5312.89013671875,5958.31982421875,5958.31982421875,0,ee396616-3c19-4ef1-a3b5-3f567e70e81b,2022-05-20 10:53:47.171011
1999-12-31,6024.3798828125,6102.1201171875,5388.85009765625,5659.81005859375,5659.81005859375,0,7c45136a-4ccd-47fd-aafb-520b03b110b9,2022-05-20 10:53:47.171020
2000-01-31,5700.8701171875,6396.97021484375,5700.8701171875,6190.9599609375,6190.9599609375,0,3127825e-27e5-4b58-8ec4-5f7434add9ca,2022-05-20 10:53:47.171029
2000-02-29,6272.1298828125,6590.35009765625,6144.06982421875,6286.0498046875,6286.0498046875,0,74a4f723-3805-4e7a-965e-cdacc0d144bd,2022-05-20 10:53:47.171038
2000-03-31,6382.27978515625,6461.52001953125,5752.43994140625,6419.72021484375,6419.72021484375,0,9e3d9f5f-c114-45e7-8144-25f98ca99dd4,2022-05-20 10:53:47.171047
2000-04-30,6489.0400390625,6591.43994140625,6003.89990234375,6426.259765625,6426.259765625,0,7268e2e5-89e5-416d-8ab0-147af40ecf7d,2022-05-20 10:53:47.171056
2000-05-31,6428.4599609375,6780.66015625,6391.64013671875,6446.5400390625,6446.5400390625,0,8b0c7bd0-ea4a-4bbf-9f4f-3453729fcced,2022-05-20 10:53:47.171065
2000-06-30,6462.02978515625,6631.47998046875,6374.52001953125,6542.490234375,6542.490234375,0,b099db75-f54c-478a-978b-f82dd2d04ffa,2022-05-20 10:53:47.171074
2000-07-31,6524.669921875,6712.2998046875,6354.93017578125,6625.419921875,6625.419921875,0,7a91ead5-f440-4083-aee8-a38c03dd3037,2022-05-20 10:53:47.171083
2000-08-31,6648.64013671875,6944.77001953125,6085.39990234375,6266.6298828125,6266.6298828125,0,12c05a33-83d0-4bf6-b414-821f171d99b2,2022-05-20 10:53:47.171092
2000-09-30,6150.490234375,6434.5,5828.14013671875,6397.66015625,6397.66015625,0,23cf7410-4adb-45a9-b697-5583f2e9b14c,2022-05-20 10:53:47.171101
2000-10-31,6434.89990234375,6459.5,5893.5400390625,5928.080078125,5928.080078125,0,23e317b7-13da-4029-9078-9436d324ef4e,2022-05-20 10:53:47.171110
2000-11-30,5942.35986328125,6126.41015625,5673.8701171875,5926.419921875,5926.419921875,0,8865a629-81c4-4a19-8cda-0c5c0a1af0a8,2022-05-20 10:53:47.171119
2000-12-31,5956.14990234375,5999.18017578125,5603.919921875,5998.490234375,5998.490234375,0,08d6389a-b375-4217-adfa-d5d1805a8a9c,2022-05-20 10:53:47.171133
2001-01-31,5936.31005859375,5970.2998046875,5302.7900390625,5367.47998046875,5367.47998046875,0,00228db7-b37d-4e2e-84fb-96ee7e71ae52,2022-05-20 10:53:47.171143
2001-02-28,5334.22998046875,5507.259765625,4804.39990234375,5180.4501953125,5180.4501953125,0,d5f3ec2f-0e25-4056-b887-a02a33d6fbb8,2022-05-20 10:53:47.171152
2001-03-31,5218.47998046875,5653.14013671875,4872.919921875,5640.02978515625,5640.02978515625,0,477577d4-44f8-4ddc-92ea-01903d6a2664,2022-05-20 10:53:47.171161
2001-04-30,5661.080078125,5728.52001953125,5378.35986328125,5454.18994140625,5454.18994140625,0,b76b2f12-db4e-4769-84f7-0c5f5ffc070c,2022-05-20 10:53:47.171170
2001-05-31,5453.2900390625,5546.60009765625,4967.60986328125,5225.330078125,5225.330078125,0,f5a0af1e-1a3d-4708-8e29-2a16e56a8ace,2022-05-20 10:53:47.171179
2001-06-30,5215.75,5299.89990234375,4773.169921875,5085.509765625,5085.509765625,0,40176170-43ed-42ba-8abb-5206f8bd5ce7,2022-05-20 10:53:47.171188
2001-07-31,5073.75,5204.2001953125,4668.18994140625,4689.33984375,4689.33984375,0,e0c977af-93bc-4985-af88-2f2e62f35115,2022-05-20 10:53:47.171197
2001-08-31,4712.08984375,4712.08984375,3463.070068359375,4079.02001953125,4079.02001953125,0,f2aa41bb-86af-4604-b007-ba3551f5859b,2022-05-20 10:53:47.171206
2001-09-30,4097.22021484375,4546.419921875,3914.389892578125,4341.2900390625,4341.2900390625,0,61714bbb-9ed9-4b96-b23e-52a6bf0ea8b1,2022-05-20 10:53:47.171215
2001-10-31,4325.18994140625,4686.6201171875,4276.60986328125,4476.06005859375,4476.06005859375,0,a74d6a6e-8c07-4804-afbc-4551f466bbda,2022-05-20 10:53:47.171234
2001-11-30,4439.5498046875,4735.2099609375,4328.77001953125,4624.580078125,4624.580078125,0,82fc1c6d-707b-41de-859e-e507d382cd64,2022-05-20 10:53:47.171243
2001-12-31,4617.9501953125,4720.0400390625,4385.56982421875,4461.8701171875,4461.8701171875,0,27da2581-3648-4b1a-a5e2-b3056ba59731,2022-05-20 10:53:47.171252
2002-01-31,4483.89990234375,4499.68017578125,4210.2998046875,4462.990234375,4462.990234375,0,771e29a6-9d1b-47be-9b51-422d34f2c942,2022-05-20 10:53:47.171261
2002-02-28,4442.39990234375,4696.18017578125,4436.93994140625,4688.02001953125,4688.02001953125,0,a24c5567-765b-4f67-be78-14ec96d360e1,2022-05-20 10:53:47.171270
2002-03-31,4673.02978515625,4688.16015625,4390.97998046875,4462.740234375,4462.740234375,0,fdd185e9-2476-4415-8033-5f7c1198bb12,2022-05-20 10:53:47.171279
2002-04-30,4474.6298828125,4497.4599609375,4239.72021484375,4274.64013671875,4274.64013671875,0,025c92d6-7050-42bb-aba6-9944a149faeb,2022-05-20 10:53:47.171295
2002-05-31,4247.580078125,4294.5,3561.239990234375,3897.989990234375,3897.989990234375,0,6e523e1d-9192-45f4-8a32-6cf6cb45480f,2022-05-20 10:53:47.171304
2002-06-30,3886.1201171875,3973.929931640625,2898.60009765625,3415.3798828125,3415.3798828125,0,3d70bf0c-9f5c-443a-a538-3b7fb1d0351f,2022-05-20 10:53:47.171319
2002-07-31,3426.93994140625,3601.409912109375,3013.800048828125,3366.2099609375,3366.2099609375,0,6f5ae69c-44b7-4c72-a78a-832ae447904b,2022-05-20 10:53:47.171328
2002-08-31,3345.639892578125,3402.300048828125,2666.0400390625,2777.449951171875,2777.449951171875,0,28aea185-02b7-4083-807e-4ff216d9d783,2022-05-20 10:53:47.171337
2002-09-30,2789.68994140625,3236.14990234375,2612.030029296875,3150.0400390625,3150.0400390625,0,68e2328a-776a-4b52-a3d1-0952a6a1a18a,2022-05-20 10:53:47.171346
2002-10-31,3125.199951171875,3360.2900390625,2979.429931640625,3326.64990234375,3326.64990234375,0,e07966c4-b36f-40ea-890f-90202d7d3c44,2022-05-20 10:53:47.171363
2002-11-30,3327.070068359375,3393.0400390625,2984.02001953125,3063.909912109375,3063.909912109375,0,682220cb-4e32-4705-9367-1148d3a2b280,2022-05-20 10:53:47.171372
2002-12-31,3057.06005859375,3232.340087890625,2733.510009765625,2937.8798828125,2937.8798828125,0,96accc27-7e97-4f66-92c0-494eb2a06610,2022-05-20 10:53:47.171381
2003-01-31,2973.929931640625,2983.989990234375,2633.18994140625,2754.070068359375,2754.070068359375,0,19aad5c8-db58-4540-8d0f-931e1437a070,2022-05-20 10:53:47.171390
2003-02-28,2770.679931640625,2909.9599609375,2401.14990234375,2618.4599609375,2618.4599609375,0,6f3f31a1-1169-4f93-aa89-27103fdf9cfc,2022-05-20 10:53:47.171399
2003-03-31,2627.719970703125,3015.419921875,2599.280029296875,2953.669921875,2953.669921875,0,8369a8ef-5e86-4465-ac9f-55bf525627bf,2022-05-20 10:53:47.171414
2003-04-30,2945.409912109375,3070.6201171875,2814.340087890625,2991.75,2991.75,0,3e584df8-e1b3-48bc-bd51-855b9e56e35e,2022-05-20 10:53:47.171436
2003-05-31,3018.659912109375,3228.60009765625,2990.320068359375,3084.10009765625,3084.10009765625,0,8f18a515-fcd6-434f-a0d9-3286602e5b9a,2022-05-20 10:53:47.171447
2003-06-30,3085.590087890625,3220.550048828125,3008.719970703125,3210.27001953125,3210.27001953125,0,4aad0fa9-4650-44b9-9c3e-8c4671a65c73,2022-05-20 10:53:47.171456
2003-07-31,3200.81005859375,3353.93994140625,3105.3701171875,3311.419921875,3311.419921875,0,cd5e25b4-9ae0-441c-9508-e6af51d05243,2022-05-20 10:53:47.171473
2003-08-31,3335.5400390625,3435.7900390625,3110.929931640625,3134.989990234375,3134.989990234375,0,9d20ae88-0157-4f46-b8e6-d06878dda262,2022-05-20 10:53:47.171482
2003-09-30,3137.10009765625,3417.639892578125,3122.360107421875,3373.199951171875,3373.199951171875,0,6fa68ea5-4be0-4142-8e22-3c438698f75d,2022-05-20 10:53:47.171491
2003-10-31,3381.97998046875,3472.830078125,3287.929931640625,3424.7900390625,3424.7900390625,0,ce8a32b2-cf57-4e10-8f61-99781dcd09f5,2022-05-20 10:53:47.171501
2003-11-30,3450.659912109375,3566.760009765625,3417.56005859375,3557.89990234375,3557.89990234375,0,31eda369-ba02-4b13-b943-f5bb7849f94a,2022-05-20 10:53:47.171510
2003-12-31,3563.389892578125,3724.2900390625,3548.179931640625,3638.43994140625,3638.43994140625,0,1f77e364-d0f6-4a20-9b6b-806f2bae170b,2022-05-20 10:53:47.171519
2004-01-31,3660.2900390625,3765.659912109375,3594.7099609375,3725.43994140625,3725.43994140625,0,b930cbe1-956f-4ff0-a853-c634b9cbba7e,2022-05-20 10:53:47.171528
2004-02-29,3735.300048828125,3789.330078125,3489.530029296875,3625.22998046875,3625.22998046875,0,19dab7c9-7d1d-4ff8-babd-a34eae2fb034,2022-05-20 10:53:47.171546
2004-03-31,3647.9599609375,3831.5400390625,3624.18994140625,3674.280029296875,3674.280029296875,0,d27fceaf-1768-43e9-82b1-ef8ac3a8a8e5,2022-05-20 10:53:47.171555
2004-04-30,3652.300048828125,3734.68994140625,3520.610107421875,3669.6298828125,3669.6298828125,0,34bfa98d-c6bd-4205-9ece-ff622340be43,2022-05-20 10:53:47.171564
2004-05-31,3668.139892578125,3778.760009765625,3613.419921875,3732.989990234375,3732.989990234375,0,461996b0-3cf7-411e-82b5-669f334d8a78,2022-05-20 10:53:47.171574
2004-06-30,3749.31005859375,3773.639892578125,3530.9599609375,3647.10009765625,3647.10009765625,0,b62af203-9ecf-48c4-84cb-900e1e7821ee,2022-05-20 10:53:47.171583
2004-07-31,3622.85009765625,3656.570068359375,3452.409912109375,3594.280029296875,3594.280029296875,0,3d7d4007-366d-41b2-a3e9-8cef1e1adbe1,2022-05-20 10:53:47.171617
2004-08-31,3606.080078125,3740.510009765625,3601.070068359375,3640.610107421875,3640.610107421875,0,31cb266e-300c-48cf-a141-c1d0778797df,2022-05-20 10:53:47.171628
2004-09-30,3656.300048828125,3787.389892578125,3599.3701171875,3706.820068359375,3706.820068359375,1468054400,8bb679ea-df1d-4af9-b135-71dbd3d53733,2022-05-20 10:53:47.171649
2004-10-31,3697.93994140625,3856.010009765625,3697.93994140625,3753.75,3753.75,2025964800,9d7a9a40-f093-4a6c-a00d-ccffcef737b1,2022-05-20 10:53:47.171659
2004-11-30,3751.739990234375,3838.8798828125,3735.550048828125,3821.159912109375,3821.159912109375,1802975600,72ed25c6-eeea-4a6f-a957-eef3b9f46bc9,2022-05-20 10:53:47.171668
2004-12-31,3830.580078125,3913.919921875,3804.919921875,3913.68994140625,3913.68994140625,1820023000,9ba14215-2ffb-47d7-b2a0-69be82b8b26c,2022-05-20 10:53:47.171677
2005-01-31,3914.2099609375,4056.68994140625,3908.800048828125,4027.159912109375,4027.159912109375,2010838000,b5fabad9-bab2-4e40-8138-933075e751ff,2022-05-20 10:53:47.171687
2005-02-28,4025.840087890625,4108.0,4009.010009765625,4067.780029296875,4067.780029296875,1858806200,d4602a09-f7a4-4bc6-8b4c-87b171f4cc0b,2022-05-20 10:53:47.171703
2005-03-31,4068.0,4143.93017578125,3882.419921875,3911.7099609375,3911.7099609375,2165683000,8ec99401-86c3-4069-8ff7-9008fe75863a,2022-05-20 10:53:47.171714
2005-04-30,3928.7099609375,4142.5400390625,3920.8798828125,4120.72998046875,4120.72998046875,1864134000,21ace8c9-18bc-4910-b2b9-6ed722d50068,2022-05-20 10:53:47.171747
2005-05-31,4125.85009765625,4254.7998046875,4123.77001953125,4229.35009765625,4229.35009765625,2180625600,2bf416dc-ae62-471d-8107-26541885d765,2022-05-20 10:53:47.171761
2005-06-30,4224.66015625,4483.47021484375,4089.27001953125,4451.740234375,4451.740234375,2231675600,157a31f7-8764-4ea5-9d5f-e7ade620f6da,2022-05-20 10:53:47.171773
2005-07-31,4457.490234375,4527.10986328125,4313.33984375,4399.35986328125,4399.35986328125,1705767400,bafdce3c-c864-4b9a-a014-319e126c60a8,2022-05-20 10:53:47.171783
2005-08-31,4423.7001953125,4620.85009765625,4392.740234375,4600.02001953125,4600.02001953125,2245519000,fb547f74-fc48-4ad6-bb2e-a4de1ac2869f,2022-05-20 10:53:47.171792
2005-09-30,4610.009765625,4651.10986328125,4288.14990234375,4436.4501953125,4436.4501953125,2218315600,e9ab7e12-4293-4098-ab25-5db5609def43,2022-05-20 10:53:47.171802
2005-10-31,4432.91015625,4633.43994140625,4398.64013671875,4567.41015625,4567.41015625,2164236000,f5221364-221b-472e-a5cf-6b0f09ad3d6e,2022-05-20 10:53:47.171811
2005-11-30,4581.72998046875,4780.0498046875,4580.18017578125,4715.22998046875,4715.22998046875,1767189200,0d767cd4-d383-4109-a9cd-04956115ffd3,2022-05-20 10:53:47.171820
2005-12-31,4731.919921875,4970.2099609375,4719.330078125,4947.990234375,4947.990234375,2613436600,a64cf7f1-d300-4411-9024-a075680aefa6,2022-05-20 10:53:47.171829
2006-01-31,4946.77001953125,5085.2001953125,4875.7998046875,5000.4501953125,5000.4501953125,2408597600,73febc77-b3de-4e84-9af3-6e42f0ce0679,2022-05-20 10:53:47.171838
2006-02-28,5008.7099609375,5247.31005859375,4927.58984375,5220.85009765625,5220.85009765625,2853496400,324fadd4-b470-43c6-b146-f94230e68dcb,2022-05-20 10:53:47.171848
2006-03-31,5251.56005859375,5261.60009765625,5058.35009765625,5188.39990234375,5188.39990234375,2011006400,5e7100a3-8943-42e3-84dd-d8306052914a,2022-05-20 10:53:47.171857
2006-04-30,5187.33984375,5329.16015625,4798.81005859375,4930.18017578125,4930.18017578125,3218879600,dfa376af-b7a5-492a-842e-29e094e1ecc9,2022-05-20 10:53:47.171866
2006-05-31,4927.1298828125,5023.169921875,4564.68994140625,4965.9599609375,4965.9599609375,3110870200,d4c9316b-d524-45d5-b1f2-cb3340258b51,2022-05-20 10:53:47.171875
2006-06-30,4967.06982421875,5034.06005859375,4710.60986328125,5009.419921875,5009.419921875,2259282200,162d901f-ab2e-4bca-bce5-a2508b9dd25e,2022-05-20 10:53:47.171884
2006-07-31,5010.9501953125,5196.91015625,4932.41015625,5165.0400390625,5165.0400390625,2056493000,103fed43-05b0-4fb1-bc09-58e24f4cf71c,2022-05-20 10:53:47.171893
2006-08-31,5181.97998046875,5285.33984375,5018.18017578125,5250.009765625,5250.009765625,2380120300,19ebe13e-8b78-4a5a-b4ec-70bb675ca1af,2022-05-20 10:53:47.171902
2006-09-30,5268.6298828125,5458.2099609375,5196.06982421875,5348.72998046875,5348.72998046875,2517783200,fed73a6f-438e-4707-be30-03054db6549e,2022-05-20 10:53:47.171912
2006-10-31,5351.35986328125,5518.43017578125,5272.47021484375,5327.64013671875,5327.64013671875,2387013300,871faaf1-244b-4fc7-9955-3b8a2f5c6eef,2022-05-20 10:53:47.171921
2006-11-30,5341.6201171875,5553.85986328125,5239.83984375,5541.759765625,5541.759765625,2270681900,05095423-f83c-4e64-90eb-e35d7f55200c,2022-05-20 10:53:47.171942
2006-12-31,5575.759765625,5658.080078125,5473.47021484375,5608.31005859375,5608.31005859375,2908343200,c940769e-e743-4a1f-ad22-e7247ba6e8ee,2022-05-20 10:53:47.171951
2007-01-31,5664.08984375,5771.68994140625,5458.64990234375,5516.31982421875,5516.31982421875,2520698300,f6b1f8e8-3de8-48cb-9011-530824368f52,2022-05-20 10:53:47.171960
2007-02-28,5502.08984375,5674.259765625,5295.580078125,5634.16015625,5634.16015625,3316148800,2fc040bd-0824-49da-b329-9f2c84447f38,2022-05-20 10:53:47.171969
2007-03-31,5623.39990234375,5981.5498046875,5609.27978515625,5960.0400390625,5960.0400390625,2336355300,57eb0be6-3590-4d8f-8baa-511d65b98089,2022-05-20 10:53:47.171978
2007-04-30,5985.2001953125,6121.8701171875,5927.509765625,6104.0,6104.0,2619251000,7c903587-c560-49d8-846e-606c469d98be,2022-05-20 10:53:47.171987
2007-05-31,6113.18017578125,6168.14990234375,5837.14013671875,6054.93017578125,6054.93017578125,3125046800,33070e30-729f-48c8-a5f3-d6df5507a7b3,2022-05-20 10:53:47.172011
2007-06-30,6021.10009765625,6156.16015625,5608.27978515625,5751.080078125,5751.080078125,3024088600,c2c6e600-e48b-4156-9d56-9971520c4150,2022-05-20 10:53:47.172021
2007-07-31,5622.10986328125,5766.56005859375,5217.7001953125,5662.7001953125,5662.7001953125,3819772000,d49211c7-9416-449e-b51f-6594e125aeda,2022-05-20 10:53:47.172030
2007-08-31,5683.10009765625,5752.89013671875,5378.0400390625,5715.68994140625,5715.68994140625,3170797100,b374b419-de62-491d-8c4d-0e6922be5831,2022-05-20 10:53:47.172039
2007-09-30,5670.7900390625,5882.06982421875,5630.7998046875,5847.9501953125,5847.9501953125,3165556600,41d970ff-ed42-4140-89a2-499a15a4f45c,2022-05-20 10:53:47.172049
2007-10-31,5851.759765625,5855.35009765625,5358.759765625,5670.56982421875,5670.56982421875,3563659600,c8170483-722f-480b-9acb-96c9f2d0733d,2022-05-20 10:53:47.172058
2007-11-30,5654.10009765625,5795.22021484375,5465.97998046875,5614.080078125,5614.080078125,2399512000,988a7146-4fae-4fdb-9364-52b3bd06774a,2022-05-20 10:53:47.172067
2007-12-31,5609.97998046875,5665.93994140625,4505.14013671875,4869.7900390625,4869.7900390625,4774493300,dc890a1c-6ce4-488d-ad7b-95d6fb7af6cf,2022-05-20 10:53:47.172077
2008-01-31,4935.7900390625,5027.259765625,4644.740234375,4790.66015625,4790.66015625,3710778500,b14b6016-e077-4400-be5f-acf3dc7c8f46,2022-05-20 10:53:47.172086
2008-02-29,4723.22021484375,4782.85986328125,4416.7099609375,4707.06982421875,4707.06982421875,3549924900,8a8eb757-02c5-4221-ac78-c8f766fbb48f,2022-05-20 10:53:47.172095
2008-03-31,4689.64990234375,5030.759765625,4681.240234375,4996.5400390625,4996.5400390625,3215138900,0cc8c9a2-553f-49df-8bc9-428c2f4ffa64,2022-05-20 10:53:47.172104
2008-04-30,5057.52001953125,5142.10009765625,4893.85986328125,5014.27978515625,5014.27978515625,2745162300,f0aa7d9b-474e-4575-a639-53ab26e956e7,2022-05-20 10:53:47.172113
2008-05-31,5008.93994140625,5012.009765625,4348.31005859375,4434.85009765625,4434.85009765625,3711350700,3a1e4665-fe28-474c-802c-e2944d08355a,2022-05-20 10:53:47.172123
2008-06-30,4410.7900390625,4448.0498046875,4002.8701171875,4392.35986328125,4392.35986328125,4366437400,f4b84252-d2d4-4c45-bacf-d5780e73fc34,2022-05-20 10:53:47.172137
2008-07-31,4345.009765625,4552.259765625,4267.2900390625,4482.60009765625,4482.60009765625,2801327200,5945ebc5-9431-4d0c-9bae-318a42c0a9aa,2022-05-20 10:53:47.172146
2008-08-31,4455.58984375,4558.56005859375,3844.6298828125,4032.10009765625,4032.10009765625,4823077300,8bcb51e5-359c-48c6-8c71-68b78b499008,2022-05-20 10:53:47.172156
2008-09-30,4071.389892578125,4112.240234375,2959.2900390625,3487.070068359375,3487.070068359375,6157100000,1adb328f-f96d-45e0-81f8-1c0e4170dfd4,2022-05-20 10:53:47.172165
2008-10-31,3513.1201171875,3691.090087890625,2838.5,3262.679931640625,3262.679931640625,3520975200,2de69530-2663-4063-8284-8f3a44cfa1ce,2022-05-20 10:53:47.172174
2008-11-30,3261.330078125,3342.840087890625,2956.75,3217.969970703125,3217.969970703125,2640913100,f4bfcfee-9887-4a22-9c71-210616b71e32,2022-05-20 10:53:47.172183
2008-12-31,3240.75,3426.0400390625,2770.090087890625,2973.919921875,2973.919921875,3136745700,9ed00c8c-733e-4c13-9b75-b0d7fc74c8c3,2022-05-20 10:53:47.172193
2009-01-31,2929.18994140625,3146.68994140625,2644.18994140625,2702.47998046875,2702.47998046875,3114902200,a2c3ae37-583e-49ee-a5be-8f6a229c3c93,2022-05-20 10:53:47.172202
2009-02-28,2632.919921875,2918.22998046875,2465.4599609375,2807.340087890625,2807.340087890625,4011949400,a0e3f896-7350-4f90-8443-d27d2d21ac67,2022-05-20 10:53:47.172216
2009-03-31,2792.590087890625,3194.25,2741.27001953125,3159.85009765625,3159.85009765625,3421646100,70433f18-51bf-42d8-bfcc-202997fcb63b,2022-05-20 10:53:47.172225
2009-04-30,3180.260009765625,3355.949951171875,3115.27001953125,3277.64990234375,3277.64990234375,3037982200,4d40bb02-68e0-406d-9002-36f6a966bd20,2022-05-20 10:53:47.172247
2009-05-31,3339.3798828125,3399.590087890625,3097.389892578125,3140.43994140625,3140.43994140625,2919199600,b88e0167-b945-4040-aae6-8a60893363a8,2022-05-20 10:53:47.172256
2009-06-30,3163.530029296875,3455.510009765625,2957.830078125,3426.27001953125,3426.27001953125,2826721400,43e1feae-6132-40e0-97dc-aa6ef1638ce0,2022-05-20 10:53:47.172269
2009-07-31,3427.449951171875,3724.340087890625,3396.60009765625,3653.5400390625,3653.5400390625,2630276000,149f1e2b-a78b-4338-9f6d-c5921dc31f20,2022-05-20 10:53:47.172278
2009-08-31,3676.949951171875,3856.669921875,3535.489990234375,3795.409912109375,3795.409912109375,3349212300,cd3fa2d6-341a-4a63-b691-e388002d02cf,2022-05-20 10:53:47.172293
2009-09-30,3802.030029296875,3913.81005859375,3600.4599609375,3607.68994140625,3607.68994140625,3388259800,5998ca76-8890-49cf-9374-065fd08d06cf,2022-05-20 10:53:47.172302
2009-10-31,3603.639892578125,3868.159912109375,3549.64990234375,3680.14990234375,3680.14990234375,2878632400,6ca23aea-33ab-43ab-b07e-21f70bd849c3,2022-05-20 10:53:47.172311
2009-11-30,3720.280029296875,3976.919921875,3714.780029296875,3936.330078125,3936.330078125,2135385800,d416562e-771f-41a6-b44b-c6585d9c7c03,2022-05-20 10:53:47.172321
2009-12-31,3952.2099609375,4088.179931640625,3688.7900390625,3739.4599609375,3739.4599609375,2583111800,049f753a-5a5e-40ac-a9b7-9795524de41c,2022-05-20 10:53:47.172330
2010-01-31,3713.169921875,3831.3798828125,3545.909912109375,3708.800048828125,3708.800048828125,3196967700,dbcdc87d-4345-4b62-8a8d-faac75ac0aad,2022-05-20 10:53:47.172339
2010-02-28,3739.56005859375,4028.639892578125,3724.840087890625,3974.010009765625,3974.010009765625,2879432300,7a465818-4bec-412c-b447-db4a4955f92a,2022-05-20 10:53:47.172353
2010-03-31,3996.530029296875,4086.0,3749.530029296875,3816.989990234375,3816.989990234375,2815305000,08647a9f-d821-4e74-b58f-1ee1c4b363af,2022-05-20 10:53:47.172362
2010-04-30,3796.7900390625,3847.2099609375,3287.570068359375,3507.56005859375,3507.56005859375,4726133700,08877f72-a092-4a5f-b1e2-131b1cbd1ddc,2022-05-20 10:53:47.172371
2010-05-31,3481.659912109375,3759.5400390625,3343.590087890625,3442.889892578125,3442.889892578125,3561110600,027ffe2d-ba38-4082-9401-9b90e6b6cddf,2022-05-20 10:53:47.172380
2010-06-30,3386.7900390625,3720.6298828125,3321.35009765625,3643.139892578125,3643.139892578125,3031457200,5e2b4205-33f9-41f3-b09f-0f75da252b76,2022-05-20 10:53:47.172390
2010-07-31,3675.8798828125,3802.93994140625,3414.840087890625,3490.7900390625,3490.7900390625,2510102100,1af97095-c5d1-4133-b002-c418807fa24a,2022-05-20 10:53:47.172402
2010-08-31,3507.8701171875,3824.97998046875,3478.85009765625,3715.179931640625,3715.179931640625,3042767500,37aaf69f-021c-47f2-8229-d1207d4f975b,2022-05-20 10:53:47.172411
2010-09-30,3722.929931640625,3894.909912109375,3638.340087890625,3833.5,3833.5,2565207100,f0f12848-e516-4ef1-aca9-b19954e4a860,2022-05-20 10:53:47.172424
2010-10-31,3865.0400390625,3961.699951171875,3591.780029296875,3610.43994140625,3610.43994140625,3194412500,44e85cbc-de5c-43f1-a842-f44b358fd055,2022-05-20 10:53:47.172433
2010-11-30,3634.610107421875,3936.06005859375,3620.639892578125,3804.780029296875,3804.780029296875,2269862400,48b80431-452a-4f23-9958-0ea5e2cb9e10,2022-05-20 10:53:47.172443
2010-12-31,3847.6298828125,4079.300048828125,3790.9599609375,4005.5,4005.5,2911304200,31489c29-c240-44ce-aeca-ec4a558a64ba,2022-05-20 10:53:47.172452
2011-01-31,4037.139892578125,4169.8701171875,3984.360107421875,4110.35009765625,4110.35009765625,3237531200,f8b6e427-de8b-4346-b623-7ac187f0f2cc,2022-05-20 10:53:47.172464
2011-02-28,4126.66015625,4145.72998046875,3693.93994140625,3989.179931640625,3989.179931640625,2324747800,84988992-9ea0-413d-91bd-ea0b303d766a,2022-05-20 10:53:47.172473
2011-03-31,4014.580078125,4110.41015625,3862.39990234375,4106.919921875,4106.919921875,2393760400,4767ccda-e32d-408d-a579-4954e38145b7,2022-05-20 10:53:47.172482
2011-04-30,4137.75,4137.97021484375,3884.550048828125,4006.93994140625,4006.93994140625,2928515600,53dfeec8-ab51-4b54-bb2d-86cce5af5a4a,2022-05-20 10:53:47.172491
2011-05-31,4014.840087890625,4015.85009765625,3742.31005859375,3982.2099609375,3982.2099609375,2922053600,444fe123-51ce-4312-bd25-d55eb2575e2d,2022-05-20 10:53:47.172511
2011-06-30,3981.9599609375,4023.590087890625,3630.75,3672.77001953125,3672.77001953125,3556024600,a92db379-47c8-4046-b60c-04bc03f4ddc3,2022-05-20 10:53:47.172521
2011-07-31,3718.110107421875,3722.590087890625,2891.110107421875,3256.760009765625,3256.760009765625,5101354200,d8559c8d-3823-436a-813c-f71c5af32862,2022-05-20 10:53:47.172530
2011-08-31,3273.050048828125,3295.5400390625,2693.2099609375,2981.9599609375,2981.9599609375,4545524800,e11c5c4f-bf59-48bd-9f3c-2c46bd0843c4,2022-05-20 10:53:47.172540
2011-09-30,2913.070068359375,3411.219970703125,2808.219970703125,3242.840087890625,3242.840087890625,3686465000,4d8571d7-eaa3-46a0-80c8-606fcfac9631,2022-05-20 10:53:47.172550
2011-10-31,3162.570068359375,3228.110107421875,2793.219970703125,3154.6201171875,3154.6201171875,3820713000,6b9083ff-3df1-4c06-a9cc-639509bd04d9,2022-05-20 10:53:47.172572
2011-11-30,3151.35009765625,3244.889892578125,2941.39990234375,3159.81005859375,3159.81005859375,2636270800,b3c4fc42-5589-4e82-98c6-418eee464c5f,2022-05-20 10:53:47.172582
2011-12-31,3158.239990234375,3368.659912109375,3114.449951171875,3298.550048828125,3298.550048828125,3123624600,339003df-efa8-4a95-badf-f0bd3df6b4d1,2022-05-20 10:53:47.172591
2012-01-31,3320.320068359375,3489.47998046875,3320.320068359375,3452.449951171875,3452.449951171875,3314374400,41a09d51-1f37-473f-a7c1-c30e7da02757,2022-05-20 10:53:47.172601
2012-02-29,3444.530029296875,3600.47998046875,3362.56005859375,3423.81005859375,3423.81005859375,3337603200,46c5899e-afdc-4cad-86e6-64d4e2b78c09,2022-05-20 10:53:47.172610
2012-03-31,3439.169921875,3473.199951171875,3088.360107421875,3212.800048828125,3212.800048828125,3665755600,e135f952-b733-4793-9995-d37255f0b87c,2022-05-20 10:53:47.172619
2012-04-30,3265.1201171875,3273.719970703125,2970.10009765625,3017.010009765625,3017.010009765625,3730133200,6511df4a-46c6-42a8-9d25-49667ae5a244,2022-05-20 10:53:47.172629
2012-05-31,3028.300048828125,3196.64990234375,2922.260009765625,3196.64990234375,3196.64990234375,3855899800,537816f5-1c82-4a2d-9e4b-cd304b156688,2022-05-20 10:53:47.172638
2012-06-30,3197.0400390625,3334.820068359375,3065.469970703125,3291.659912109375,3291.659912109375,3799723000,93637ed1-2e88-4998-b57b-c5c7a1104afc,2022-05-20 10:53:47.172647
2012-07-31,3298.699951171875,3523.85009765625,3232.4599609375,3413.070068359375,3413.070068359375,2842029000,ab7424af-aac7-4bf9-9d99-d494d7369e93,2022-05-20 10:53:47.172656
2012-08-31,3401.9599609375,3588.02001953125,3354.820068359375,3354.820068359375,3354.820068359375,3146804200,e38d5cd0-3a8b-4fdd-9559-7f852b0ae030,2022-05-20 10:53:47.172666
2012-09-30,3348.070068359375,3542.580078125,3348.070068359375,3429.27001953125,3429.27001953125,3351412000,f7071b91-408e-490a-aeb5-d2565ef3bc5c,2022-05-20 10:53:47.172675
2012-10-31,3420.47998046875,3584.72998046875,3341.52001953125,3557.280029296875,3557.280029296875,3132266800,4bf3c321-2fd8-4fe4-9d50-86a266302ae8,2022-05-20 10:53:47.172684
2012-11-30,3567.89990234375,3684.159912109375,3563.02001953125,3641.070068359375,3641.070068359375,2352285400,8cb479c8-cca5-4cfe-9f29-a60c2370e502,2022-05-20 10:53:47.172693
2012-12-31,3702.659912109375,3793.260009765625,3680.610107421875,3732.60009765625,3732.60009765625,1980871800,618f892b-79a1-4d32-bc28-316c38b0af4b,2022-05-20 10:53:47.172703
2013-01-31,3734.659912109375,3787.530029296875,3600.81005859375,3723.0,3723.0,2200756000,d9b9b022-1446-49ee-bb58-8612b814a37b,2022-05-20 10:53:47.172713
2013-02-28,3712.419921875,3871.580078125,3661.2099609375,3731.419921875,3731.419921875,2213404200,66598acf-4014-4591-ae07-1645eb68cb8e,2022-05-20 10:53:47.172741
2013-03-31,3729.820068359375,3886.449951171875,3584.3798828125,3856.75,3856.75,2379755800,9456131c-006f-4fbc-aca9-202da28d8762,2022-05-20 10:53:47.172755
2013-04-30,3828.6201171875,4072.239990234375,3819.0400390625,3948.590087890625,3948.590087890625,2003759600,1fb402f0-5966-44eb-ac96-b4cc7c2dc69b,2022-05-20 10:53:47.172766
2013-05-31,3929.679931640625,3979.530029296875,3575.169921875,3738.909912109375,3738.909912109375,2029361000,e13eb9ac-37da-4c31-a72c-614682e5de76,2022-05-20 10:53:47.172775
2013-06-30,3761.570068359375,4007.22998046875,3668.77001953125,3992.68994140625,3992.68994140625,1988788500,8f603573-d53a-4e14-b4ae-4a03018d910d,2022-05-20 10:53:47.172785
2013-07-31,3996.81005859375,4123.89013671875,3933.780029296875,3933.780029296875,3933.780029296875,1822333500,850412bb-ee93-41d7-a633-30b25bf91e0b,2022-05-20 10:53:47.172794
2013-08-31,3974.7900390625,4228.0,3927.6298828125,4143.43994140625,4143.43994140625,2015511700,5e18279b-d8ec-4d45-ba84-22220498be9f,2022-05-20 10:53:47.172803
2013-09-30,4151.919921875,4309.919921875,4105.669921875,4299.89013671875,4299.89013671875,1995722200,64f4454f-8b30-4dae-8e47-d6d63efb6d8f,2022-05-20 10:53:47.172812
2013-10-31,4302.02978515625,4356.27978515625,4211.81982421875,4295.2099609375,4295.2099609375,1705372600,30cb398c-fc04-4474-9b10-bd9ed3ebe159,2022-05-20 10:53:47.172822
2013-11-30,4294.64990234375,4309.31005859375,4051.25,4295.9501953125,4295.9501953125,1680277200,6929da30-78fb-4fae-8c83-4f917e5ea6fb,2022-05-20 10:53:47.172831
2013-12-31,4307.39990234375,4351.2099609375,4098.7099609375,4165.72021484375,4165.72021484375,2514557600,68c46733-4b5c-4401-9b3f-32c8bb6997c7,2022-05-20 10:53:47.172842
2014-01-31,4160.27978515625,4420.93994140625,4080.60009765625,4408.080078125,4408.080078125,2385587900,24188be2-186c-4068-949f-3924ad4d4198,2022-05-20 10:53:47.172852
2014-02-28,4338.7900390625,4432.5,4183.0,4391.5,4391.5,2678379900,34d7abd4-ed55-4b9f-a954-3289c4b491c1,2022-05-20 10:53:47.172860
2014-03-31,4408.740234375,4504.14013671875,4319.27978515625,4487.39013671875,4487.39013671875,2347942300,607cdac6-d271-4861-ab8c-eb589803bdf1,2022-05-20 10:53:47.172869
2014-04-30,4473.830078125,4536.830078125,4400.91015625,4519.56982421875,4519.56982421875,2306876000,fad6fe76-03af-4145-af78-9d3f1f42bf65,2022-05-20 10:53:47.172888
2014-05-31,4523.89990234375,4598.64990234375,4407.18017578125,4422.83984375,4422.83984375,2310644500,e4ad31d5-0efd-460d-a6bc-7d5ac591335d,2022-05-20 10:53:47.172897
2014-06-30,4438.77001953125,4490.72021484375,4238.27001953125,4246.14013671875,4246.14013671875,2411545200,7a21796c-50e9-497c-8c1c-97946f57d1f6,2022-05-20 10:53:47.172906
2014-07-31,4236.35009765625,4401.52001953125,4109.31005859375,4381.0400390625,4381.0400390625,2224356200,889e33dc-e18f-491c-958c-3b1fdde1d77a,2022-05-20 10:53:47.172916
2014-08-31,4383.6201171875,4509.580078125,4334.009765625,4416.240234375,4416.240234375,2216522900,7dd3f84a-5f1e-475e-bbc6-6c73a470bfa9,2022-05-20 10:53:47.172925
2014-09-30,4400.60986328125,4427.759765625,3789.110107421875,4233.08984375,4233.08984375,3826367200,3e5397a5-80e0-425f-9468-93c550d31957,2022-05-20 10:53:47.172934
2014-10-31,4225.81005859375,4403.5498046875,4118.5,4390.18017578125,4390.18017578125,2411510200,4232da91-08c4-45b6-8932-467616a222f0,2022-05-20 10:53:47.172948
2014-11-30,4354.18994140625,4427.740234375,3926.340087890625,4272.75,4272.75,2472338800,37aa7435-9310-40de-b682-e035905d170e,2022-05-20 10:53:47.172957
2014-12-31,4294.0498046875,4679.259765625,4076.159912109375,4604.25,4604.25,3027091300,5905dfde-d86f-4877-a251-ce9b2eb431ec,2022-05-20 10:53:47.172975
2015-01-31,4613.31005859375,4951.47998046875,4584.3701171875,4951.47998046875,4951.47998046875,2528232100,8fcc0a72-5fc0-4cff-82aa-6e57052e342b,2022-05-20 10:53:47.172984
2015-02-28,4937.43017578125,5106.0400390625,4856.14013671875,5033.64013671875,5033.64013671875,2829209800,798ee2f5-0a86-41f7-9809-8822fd41066b,2022-05-20 10:53:47.172993
2015-03-31,5009.6298828125,5283.7099609375,4987.259765625,5046.490234375,5046.490234375,2894296400,c53cf696-c9e6-431e-9b06-1d2669cf27ab,2022-05-20 10:53:47.173013
2015-04-30,5060.5,5193.77001953125,4874.89990234375,5007.89013671875,5007.89013671875,2352592200,2cec03f6-552f-4364-a584-c89172c8347f,2022-05-20 10:53:47.173022
2015-05-31,5029.0498046875,5095.0400390625,4712.97021484375,4790.2001953125,4790.2001953125,2863471300,22ad1b6a-2c32-4b22-b256-2936b1023ff5,2022-05-20 10:53:47.173044
2015-06-30,4849.43017578125,5184.740234375,4601.89990234375,5082.60986328125,5082.60986328125,3123847300,2aa72458-03ff-4086-bf2d-212ee68e63d0,2022-05-20 10:53:47.173054
2015-07-31,5076.7998046875,5217.7998046875,4230.490234375,4652.9501953125,4652.9501953125,2579817300,b0fac785-2c3e-4169-bc97-06804b250639,2022-05-20 10:53:47.173068
2015-08-31,4586.330078125,4733.0498046875,4278.56982421875,4455.2900390625,4455.2900390625,2796557600,dd7a3a5b-cab5-4b93-9383-c6cc90b87c83,2022-05-20 10:53:47.173077
2015-09-30,4518.02978515625,4947.02001953125,4386.10009765625,4897.66015625,4897.66015625,2759679000,f0813d7b-3b3a-4b7b-82c1-5d92f3a32e12,2022-05-20 10:53:47.173090
2015-10-31,4848.85986328125,5011.64990234375,4751.02978515625,4957.60009765625,4957.60009765625,2405990100,92ea36fd-37c7-43d7-ba23-1b7725c1dfd2,2022-05-20 10:53:47.173099
2015-11-30,4960.3798828125,4975.7099609375,4472.64990234375,4637.06005859375,4637.06005859375,2661823600,316f590c-3c50-4ed8-80e0-df30ec819b65,2022-05-20 10:53:47.173109
2015-12-31,4582.0498046875,4586.10986328125,4084.679931640625,4417.02001953125,4417.02001953125,2674749200,9a6be829-e4e1-43c0-a4b6-934dffdca0f8,2022-05-20 10:53:47.173126
2016-01-31,4418.14013671875,4422.60986328125,3892.4599609375,4353.5498046875,4353.5498046875,2936600000,4fa414af-01ab-4fa2-b128-01cb8b77d862,2022-05-20 10:53:47.173135
2016-02-29,4343.93017578125,4580.97021484375,4323.18017578125,4385.06005859375,4385.06005859375,2623726800,2ad46bab-a71a-46f6-9d39-57ec9d6184e4,2022-05-20 10:53:47.173144
2016-03-31,4331.27978515625,4607.68994140625,4229.1201171875,4428.9599609375,4428.9599609375,2379398400,38dded30-1263-44d5-87e3-063b26f36fea,2022-05-20 10:53:47.173154
2016-04-30,4455.759765625,4536.6298828125,4245.169921875,4505.6201171875,4505.6201171875,2082359700,6da6bd24-df8d-4d09-ba18-c96b1acad26d,2022-05-20 10:53:47.173163
2016-05-31,4502.83984375,4507.22021484375,4007.969970703125,4237.47998046875,4237.47998046875,2909371000,67d97076-cf24-46dd-8283-361b39f3f3fd,2022-05-20 10:53:47.173172
2016-06-30,4261.08984375,4474.669921875,4062.070068359375,4439.81005859375,4439.81005859375,2078795600,ac69d1c5-9be6-4922-8fa7-041e9213b011,2022-05-20 10:53:47.173181
2016-07-31,4469.990234375,4528.0,4293.33984375,4438.22021484375,4438.22021484375,1711997500,548a6cb5-fe08-40be-a618-a9755972efbc,2022-05-20 10:53:47.173190
2016-08-31,4448.02978515625,4569.6201171875,4310.8798828125,4448.259765625,4448.259765625,2122167200,b8d2ef51-6ca6-4b48-9bc3-1fed76f38d3a,2022-05-20 10:53:47.173199
2016-09-30,4447.5400390625,4579.27978515625,4370.64990234375,4509.259765625,4509.259765625,1953107300,789ba907-7fc6-4ffc-9dfc-1a7c77d9ccc0,2022-05-20 10:53:47.173209
2016-10-31,4532.33984375,4606.66015625,4344.8798828125,4578.33984375,4578.33984375,2424966100,cdcc83ba-4a02-42b8-ba41-94eb553503de,2022-05-20 10:53:47.173218
2016-11-30,4571.2001953125,4864.2900390625,4490.14990234375,4862.31005859375,4862.31005859375,2072752000,6ad892ab-614d-4ffb-89d6-4a695b66fde0,2022-05-20 10:53:47.173227
2016-12-31,4845.9599609375,4929.60009765625,4748.89990234375,4748.89990234375,4748.89990234375,1924959300,6614d349-56e2-4c36-a7bc-3f89cd387ccc,2022-05-20 10:53:47.173236
2017-01-31,4786.85009765625,4932.35009765625,4733.81982421875,4858.580078125,4858.580078125,1914789200,3108f6ef-333b-4506-8f4c-23e13168b384,2022-05-20 10:53:47.173245
2017-02-28,4897.47998046875,5122.509765625,4897.47998046875,5122.509765625,5122.509765625,2192831200,a425d2af-8505-47ae-aa8e-431c0cb33537,2022-05-20 10:53:47.173254
2017-03-31,5130.18017578125,5296.52001953125,4980.41015625,5267.330078125,5267.330078125,2038144900,4aa9668b-6e92-407a-bd4d-7835761e8933,2022-05-20 10:53:47.173264
2017-04-30,5284.8798828125,5442.10009765625,5238.509765625,5283.6298828125,5283.6298828125,2288415800,5b707f71-f97c-40ef-95c9-bd9fa12e708b,2022-05-20 10:53:47.173273
2017-05-31,5290.83984375,5372.97021484375,5117.22998046875,5120.68017578125,5120.68017578125,1959945700,f56fe94b-e023-48fa-a82b-9c3573e0db92,2022-05-20 10:53:47.173282
2017-06-30,5151.18994140625,5259.47021484375,5092.14013671875,5093.77001953125,5093.77001953125,1642469600,88de6617-16c9-41dc-8d69-eb134afa1479,2022-05-20 10:53:47.173291
2017-07-31,5116.89990234375,5231.64990234375,4995.06982421875,5085.58984375,5085.58984375,1553280600,6056bb26-6881-47b7-a3c2-7bb35b341a7e,2022-05-20 10:53:47.173300
2017-08-31,5117.18994140625,5329.81005859375,5050.08984375,5329.81005859375,5329.81005859375,1828550900,bdb87064-d8f2-4e7f-b908-b7f14abdf838,2022-05-20 10:53:47.173310
2017-09-30,5332.919921875,5513.52978515625,5326.66015625,5503.2900390625,5503.2900390625,1579660900,7cef0349-07d5-4faf-832e-d10d70bd1bdf,2022-05-20 10:53:47.173319
2017-10-31,5524.3798828125,5536.39990234375,5267.22021484375,5372.7900390625,5372.7900390625,1745109700,1ae52f53-747a-4e1a-83e8-adec96681230,2022-05-20 10:53:47.173328
2017-11-30,5374.1298828125,5429.02978515625,5299.06005859375,5312.56005859375,5312.56005859375,1443544600,f03ec8c8-56cd-44e4-9378-05db3caf18c8,2022-05-20 10:53:47.173337
2017-12-31,5318.740234375,5567.02978515625,5258.66015625,5481.93017578125,5481.93017578125,1704206200,1a46fc56-df29-419d-a692-fc9b2ac695fd,2022-05-20 10:53:47.173346
2018-01-31,5510.58984375,5529.39990234375,5051.2099609375,5320.490234375,5320.490234375,1907980900,5db94568-43b7-4280-bad9-988df90dcfcf,2022-05-20 10:53:47.173356
2018-02-28,5304.81005859375,5315.77001953125,5038.1201171875,5167.2998046875,5167.2998046875,1942703700,bbe0e596-83ec-42fb-9b05-fd547821c8c8,2022-05-20 10:53:47.173370
2018-03-31,5144.6298828125,5521.43994140625,5094.68994140625,5520.5,5520.5,1541886100,1209b84f-2a01-4ea9-9220-05e7c45c0235,2022-05-20 10:53:47.173379
2018-04-30,5511.4599609375,5657.43994140625,5381.3798828125,5398.39990234375,5398.39990234375,1845359900,3b39c294-bad6-4988-a7dd-afc3a7cb0da8,2022-05-20 10:53:47.173389
2018-05-31,5440.419921875,5560.6201171875,5246.41015625,5323.52978515625,5323.52978515625,1879379700,3ad6b3f3-4ef1-4146-89e7-469d34a6d29f,2022-05-20 10:53:47.173405
2018-06-30,5264.39990234375,5529.02978515625,5242.64013671875,5511.2998046875,5511.2998046875,1735657900,f9a7f47c-915c-4725-b5a8-9a98210f8c7a,2022-05-20 10:53:47.173415
2018-07-31,5520.330078125,5539.41015625,5287.18017578125,5406.85009765625,5406.85009765625,1536912100,e905e613-0d2c-41c2-8179-0e7edad7c375,2022-05-20 10:53:47.173424
2018-08-31,5400.7001953125,5546.7998046875,5226.31005859375,5493.490234375,5493.490234375,1734350200,ee3f1e46-bd91-4c90-8514-9ea9f5dccf96,2022-05-20 10:53:47.173433
2018-09-30,5494.93017578125,5519.93994140625,4896.7998046875,5093.43994140625,5093.43994140625,2255277300,72ceab5b-7168-49a5-811a-11428e86e971,2022-05-20 10:53:47.173443
2018-10-31,5076.5498046875,5168.10986328125,4894.2998046875,5003.919921875,5003.919921875,1852211300,bf6218eb-a169-425c-b93a-5897e50a9ac2,2022-05-20 10:53:47.173452
2018-11-30,5112.580078125,5115.1298828125,4555.990234375,4730.68994140625,4730.68994140625,1797889100,e5e00c3c-b3f8-4113-b6f5-884dab5b23e9,2022-05-20 10:53:47.173461
2018-12-31,4642.18017578125,5016.27978515625,4606.2001953125,4992.72021484375,4992.72021484375,1758500300,9bc9e915-1afb-4d15-84a0-bdf8dd1c468c,2022-05-20 10:53:47.173470
2019-01-31,5004.64990234375,5248.5,4946.14013671875,5240.52978515625,5240.52978515625,1689065900,51afbf35-1e01-4b4b-8492-6293535e174b,2022-05-20 10:53:47.173483
2019-02-28,5267.14013671875,5443.10009765625,5211.759765625,5350.52978515625,5350.52978515625,1759062500,8de163f9-738e-48b1-8a0b-1c59551a57cf,2022-05-20 10:53:47.173492
2019-03-31,5394.5,5601.3798828125,5376.18017578125,5586.41015625,5586.41015625,1552386000,b4bdf9b5-b1ff-4c3f-9d54-1bec02e11db9,2022-05-20 10:53:47.173514
2019-04-30,5568.2001953125,5573.16015625,5160.91015625,5207.6298828125,5207.6298828125,1891335300,befe6c2b-35e7-4f47-8bb4-810b38d96ef4,2022-05-20 10:53:47.173523
2019-05-31,5171.60986328125,5582.240234375,5152.2998046875,5538.97021484375,5538.97021484375,1676802200,689b4d5d-2407-4089-864c-bc250d19c9d3,2022-05-20 10:53:47.173532
2019-06-30,5584.1298828125,5672.77001953125,5496.77001953125,5518.89990234375,5518.89990234375,1533760900,b93597e7-4110-49bc-a9f3-e2d1a3476d52,2022-05-20 10:53:47.173551
2019-07-31,5500.91015625,5563.64990234375,5170.77001953125,5480.47998046875,5480.47998046875,1755063200,09ff76d6-4b12-4d72-b203-4fa5acabaf67,2022-05-20 10:53:47.173561
2019-08-31,5483.43017578125,5696.25,5441.18017578125,5677.7900390625,5677.7900390625,1726466100,eb0f3f82-b795-4d48-89d9-e181b44d8a37,2022-05-20 10:53:47.173570
2019-09-30,5696.2001953125,5778.240234375,5393.490234375,5729.85986328125,5729.85986328125,1890277500,e250195a-f2a1-4685-8a62-08f916b655fc,2022-05-20 10:53:47.173580
2019-10-31,5749.47998046875,5966.7900390625,5739.7001953125,5905.169921875,5905.169921875,1583901400,8194ec3f-24ce-412f-a7fe-cc20996f54a5,2022-05-20 10:53:47.173599
2019-11-30,5910.1201171875,6065.0,5697.06005859375,5978.06005859375,5978.06005859375,1455227900,a24c8ac1-ff3c-4377-ad50-816da101642d,2022-05-20 10:53:47.173608
2019-12-31,6016.60986328125,6109.81005859375,5799.0400390625,5806.33984375,5806.33984375,1644181800,932c2a14-6775-48df-b995-cb418ffcef69,2022-05-20 10:53:47.173617
2020-01-31,5822.0400390625,6111.41015625,5229.56005859375,5309.89990234375,5309.89990234375,2250355600,e1992112-58b2-4bb8-8aef-be19be1c609e,2022-05-20 10:53:47.173637
2020-02-29,5416.02001953125,5509.27978515625,3632.06005859375,4396.1201171875,4396.1201171875,4755485900,28fb80cc-83cc-4622-be63-c0efbcb6174e,2022-05-20 10:53:47.173646
2020-03-31,4259.93994140625,4719.740234375,4142.27978515625,4572.18017578125,4572.18017578125,2246106400,0449d77f-7919-4d34-84e8-70e1323df30b,2022-05-20 10:53:47.173655
2020-04-30,4413.14013671875,4784.08984375,4194.580078125,4695.43994140625,4695.43994140625,2185653500,a97045be-5ec5-4e27-bb53-28bb692f25ff,2022-05-20 10:53:47.173664
2020-05-31,4776.72021484375,5213.669921875,4691.81005859375,4935.990234375,4935.990234375,2765448100,782af7f8-48dd-44fd-868e-f626d7be07cc,2022-05-20 10:53:47.173673
2020-06-30,4939.7998046875,5172.97998046875,4783.68994140625,4783.68994140625,4783.68994140625,1968206500,7c06568a-b40d-406a-a2a2-6a2379b2c994,2022-05-20 10:53:47.173683
2020-07-31,4797.06005859375,5096.52978515625,4763.60009765625,4947.22021484375,4947.22021484375,1492673300,2fb318fc-77da-48fe-9e24-90e1ee0327a2,2022-05-20 10:53:47.173692
2020-08-31,4974.419921875,5131.39013671875,4666.259765625,4803.43994140625,4803.43994140625,2012881400,eb82bd47-cf59-4f8b-ac59-59c27269eaa4,2022-05-20 10:53:47.173701
2020-09-30,4850.2001953125,4998.509765625,4512.56982421875,4594.240234375,4594.240234375,1398836100,4ee161f7-a8a5-4ad8-9395-286e89aa72af,2022-05-20 10:53:47.173710
2020-10-31,4614.9501953125,5612.759765625,4581.85986328125,5518.5498046875,5518.5498046875,246374100,369ba366-2a52-4957-bc82-50af8bbcb1c2,2022-05-20 10:53:47.173737
2020-11-30,5542.4599609375,5616.6201171875,5529.25,5573.3798828125,5573.3798828125,86156600,64058ee4-8f73-4400-b4ff-facc33d0e0be,2022-05-20 10:53:47.173753
