mpg,cylinders,displacement,horsepower,weight,acceleration,model year,origin,car name,UUID,event_timestamp
18,8,307,130,3504,12,70,1,chevrolet chevelle malibu,daf38531-8fa9-4166-9f5f-4bdfab00741e,2022-04-20 10:13:34.875329
15,8,350,165,3693,11.5,70,1,buick skylark 320,0fec288b-984e-499c-b63c-e47736527bb0,2022-04-20 10:13:34.875357
18,8,318,150,3436,11,70,1,plymouth satellite,8da91644-04c8-4026-be9b-3a9e08a30f3a,2022-04-20 10:13:34.875368
16,8,304,150,3433,12,70,1,amc rebel sst,2bca32b1-0b2c-4ea7-bfb6-30d2629a6b7b,2022-04-20 10:13:34.875378
17,8,302,140,3449,10.5,70,1,ford torino,9d8820b9-e632-4436-88f5-2250f8f30930,2022-04-20 10:13:34.875386
15,8,429,198,4341,10,70,1,ford galaxie 500,e2ef9c07-744c-45b6-9460-b512335c1f66,2022-04-20 10:13:34.875395
14,8,454,220,4354,9,70,1,chevrolet impala,e50d027b-d47c-42f2-a72b-840fa7a504c4,2022-04-20 10:13:34.875403
14,8,440,215,4312,8.5,70,1,plymouth fury iii,e0af7012-8790-4e1a-bf73-54d486bb7a24,2022-04-20 10:13:34.875411
14,8,455,225,4425,10,70,1,pontiac catalina,50336d48-9cd4-41cc-a47c-ab53101400ea,2022-04-20 10:13:34.875420
15,8,390,190,3850,8.5,70,1,amc ambassador dpl,63868c04-60dd-46fa-8d7f-8334ac67f999,2022-04-20 10:13:34.875428
15,8,383,170,3563,10,70,1,dodge challenger se,e6d879b0-210a-4c1d-afcc-a6343ff94b35,2022-04-20 10:13:34.875436
14,8,340,160,3609,8,70,1,plymouth 'cuda 340,18e443e4-1925-4a05-946a-4a15331bf523,2022-04-20 10:13:34.875444
15,8,400,150,3761,9.5,70,1,chevrolet monte carlo,877c8c29-3d5b-44ef-81e1-a2757207fb17,2022-04-20 10:13:34.875453
14,8,455,225,3086,10,70,1,buick estate wagon (sw),9c517890-973f-4aed-8a0b-2d9e318efcee,2022-04-20 10:13:34.875461
24,4,113,95,2372,15,70,3,toyota corona mark ii,3b0374c2-d720-42d0-901d-5643f98afde8,2022-04-20 10:13:34.875469
22,6,198,95,2833,15.5,70,1,plymouth duster,a4ab278c-112a-4433-aff7-5c1b027504f6,2022-04-20 10:13:34.875478
18,6,199,97,2774,15.5,70,1,amc hornet,d17bf2ca-bb05-4e13-9ea0-fcbb7c998cd9,2022-04-20 10:13:34.875498
21,6,200,85,2587,16,70,1,ford maverick,b349f142-fcf3-400f-b8a5-5dc3dc8a464e,2022-04-20 10:13:34.875506
27,4,97,88,2130,14.5,70,3,datsun pl510,eed508cb-7fd4-40d5-a06a-5dd7c4c51064,2022-04-20 10:13:34.875514
26,4,97,46,1835,20.5,70,2,volkswagen 1131 deluxe sedan,6466c714-f1b7-4be4-bd73-618dbfe82a89,2022-04-20 10:13:34.875522
25,4,110,87,2672,17.5,70,2,peugeot 504,6b6df69f-68a6-4515-8369-66f2a46b5d47,2022-04-20 10:13:34.875530
24,4,107,90,2430,14.5,70,2,audi 100 ls,4b43e9e8-3b46-4766-a5d9-5825ce77b4d5,2022-04-20 10:13:34.875538
25,4,104,95,2375,17.5,70,2,saab 99e,c362033a-e9b3-4659-ae50-6a9aa4c2aedc,2022-04-20 10:13:34.875546
26,4,121,113,2234,12.5,70,2,bmw 2002,42a47c3c-6ff0-46a1-9209-cd824b399b59,2022-04-20 10:13:34.875554
21,6,199,90,2648,15,70,1,amc gremlin,e57a0e3e-8335-41d8-878a-72cac70182f9,2022-04-20 10:13:34.875562
10,8,360,215,4615,14,70,1,ford f250,3face835-9b0c-4949-8e1f-3ce74f092312,2022-04-20 10:13:34.875570
10,8,307,200,4376,15,70,1,chevy c20,22f7c268-480e-4e86-b0a6-907f0829f6c9,2022-04-20 10:13:34.875586
11,8,318,210,4382,13.5,70,1,dodge d200,08bf23ac-311f-4b98-a210-17fd72c325df,2022-04-20 10:13:34.875595
9,8,304,193,4732,18.5,70,1,hi 1200d,10e37128-434b-49a4-967c-ab1693ed9b15,2022-04-20 10:13:34.875603
27,4,97,88,2130,14.5,71,3,datsun pl510,b3a76417-5fb6-4dfb-bc0e-35e7e5a51c49,2022-04-20 10:13:34.875611
28,4,140,90,2264,15.5,71,1,chevrolet vega 2300,39037f8d-961f-404b-818c-d0a318cd70e5,2022-04-20 10:13:34.875629
25,4,113,95,2228,14,71,3,toyota corona,e690d57e-e3ea-4565-b016-77fef6df9dde,2022-04-20 10:13:34.875637
19,6,232,100,2634,13,71,1,amc gremlin,7b41dfc2-bed0-4a13-82fd-be2a92bc9193,2022-04-20 10:13:34.875645
16,6,225,105,3439,15.5,71,1,plymouth satellite custom,c54dbee8-3041-4565-8929-b8b1484205e0,2022-04-20 10:13:34.875653
17,6,250,100,3329,15.5,71,1,chevrolet chevelle malibu,99b3a6e2-ffb6-4e09-82d6-775ab70a4d3a,2022-04-20 10:13:34.875662
19,6,250,88,3302,15.5,71,1,ford torino 500,b4d6f3ef-f145-4f05-998b-a76086802925,2022-04-20 10:13:34.875670
18,6,232,100,3288,15.5,71,1,amc matador,d7775d87-f0a8-4f7d-8cb3-1369563c0ca3,2022-04-20 10:13:34.875685
14,8,350,165,4209,12,71,1,chevrolet impala,24037be2-691a-4f7c-98d8-1daf356bd588,2022-04-20 10:13:34.875718
14,8,400,175,4464,11.5,71,1,pontiac catalina brougham,85f7fb80-f6ad-4146-a826-5fbd78d90389,2022-04-20 10:13:34.875740
14,8,351,153,4154,13.5,71,1,ford galaxie 500,641a4067-7bc3-4187-9d37-b81ed68bef8a,2022-04-20 10:13:34.875750
14,8,318,150,4096,13,71,1,plymouth fury iii,fbfc22a1-8b10-4661-9ecf-c24166fc90c7,2022-04-20 10:13:34.875759
12,8,383,180,4955,11.5,71,1,dodge monaco (sw),02741a5f-8817-4534-8ae8-9c0f380538e3,2022-04-20 10:13:34.875767
13,8,400,170,4746,12,71,1,ford country squire (sw),83206540-85c7-4e13-ab87-1576e623e778,2022-04-20 10:13:34.875776
13,8,400,175,5140,12,71,1,pontiac safari (sw),272b7661-ec7b-476b-94d0-300a01f83fc4,2022-04-20 10:13:34.875784
18,6,258,110,2962,13.5,71,1,amc hornet sportabout (sw),6d9d6514-a8a0-45fa-842a-ade9037c4957,2022-04-20 10:13:34.875802
22,4,140,72,2408,19,71,1,chevrolet vega (sw),a385742b-a5fb-473a-bca1-d86da8ee1c77,2022-04-20 10:13:34.875810
19,6,250,100,3282,15,71,1,pontiac firebird,dd3f2e5a-4d7a-467f-b4ce-d42a5b60b5c8,2022-04-20 10:13:34.875818
18,6,250,88,3139,14.5,71,1,ford mustang,668a1169-8279-4205-9b6f-d0048017670a,2022-04-20 10:13:34.875826
23,4,122,86,2220,14,71,1,mercury capri 2000,725b2c19-5c83-4300-84a7-13d0179fc297,2022-04-20 10:13:34.875834
28,4,116,90,2123,14,71,2,opel 1900,1ff69778-c579-4af2-94a3-fa05f50a7704,2022-04-20 10:13:34.875842
30,4,79,70,2074,19.5,71,2,peugeot 304,1155e020-4ca2-424c-952b-6f15b06cc691,2022-04-20 10:13:34.875859
30,4,88,76,2065,14.5,71,2,fiat 124b,d4542378-7725-41e8-a764-beb4d56c636c,2022-04-20 10:13:34.875876
31,4,71,65,1773,19,71,3,toyota corolla 1200,8c834a5f-1fc4-4fed-a371-98b6574ca49b,2022-04-20 10:13:34.875884
35,4,72,69,1613,18,71,3,datsun 1200,273ad2a0-53fd-4a90-a745-218428837dfc,2022-04-20 10:13:34.875892
27,4,97,60,1834,19,71,2,volkswagen model 111,5e346f49-f4cc-4de0-a7b0-77d12a47ab81,2022-04-20 10:13:34.875912
26,4,91,70,1955,20.5,71,1,plymouth cricket,9e8f8280-787b-40b3-b846-98a0dad223d6,2022-04-20 10:13:34.875920
24,4,113,95,2278,15.5,72,3,toyota corona hardtop,46770c57-0dfc-4d9d-b3be-3b25a1f355cf,2022-04-20 10:13:34.875928
25,4,97.5,80,2126,17,72,1,dodge colt hardtop,5277d287-0294-4b38-9874-c347e57e695d,2022-04-20 10:13:34.875936
23,4,97,54,2254,23.5,72,2,volkswagen type 3,cec5f751-ab42-417c-9dfc-1c9d0eb806fa,2022-04-20 10:13:34.875944
20,4,140,90,2408,19.5,72,1,chevrolet vega,1ddfa15b-b41b-4ac0-a9b8-05a60e59b90d,2022-04-20 10:13:34.875961
21,4,122,86,2226,16.5,72,1,ford pinto runabout,88499f67-e2e9-4706-bfba-540a2e6b9420,2022-04-20 10:13:34.875969
13,8,350,165,4274,12,72,1,chevrolet impala,ffa0d9aa-defe-4e65-a3f9-95f59889b1fc,2022-04-20 10:13:34.875977
14,8,400,175,4385,12,72,1,pontiac catalina,b1d311a7-1d31-41e8-9226-ad392687ceba,2022-04-20 10:13:34.875985
15,8,318,150,4135,13.5,72,1,plymouth fury iii,89d725ca-a5ad-46b8-8ff6-0ca777018ddf,2022-04-20 10:13:34.875993
14,8,351,153,4129,13,72,1,ford galaxie 500,fd351317-243c-4bbb-8090-517cb02a6a78,2022-04-20 10:13:34.876001
17,8,304,150,3672,11.5,72,1,amc ambassador sst,36978f87-0710-4ab8-a8c9-8191dbd39878,2022-04-20 10:13:34.876009
11,8,429,208,4633,11,72,1,mercury marquis,eeca39d2-1889-4d48-a15f-791713072bd1,2022-04-20 10:13:34.876017
13,8,350,155,4502,13.5,72,1,buick lesabre custom,b0ece533-8ed7-47b1-b2b9-5c09dc246958,2022-04-20 10:13:34.876025
12,8,350,160,4456,13.5,72,1,oldsmobile delta 88 royale,25ea0610-cf35-4be6-a0f6-e3d5237ed051,2022-04-20 10:13:34.876034
13,8,400,190,4422,12.5,72,1,chrysler newport royal,4dca74ef-0f62-473d-91bc-586b119921aa,2022-04-20 10:13:34.876042
19,3,70,97,2330,13.5,72,3,mazda rx2 coupe,e583f03d-ac0f-46f6-9c9f-097dde21bd1b,2022-04-20 10:13:34.876051
15,8,304,150,3892,12.5,72,1,amc matador (sw),2cee1c3e-64d0-43b0-9ac0-b21ed5f7ae14,2022-04-20 10:13:34.876059
13,8,307,130,4098,14,72,1,chevrolet chevelle concours (sw),5c9ac501-6f8a-4319-8676-e5a472ca762e,2022-04-20 10:13:34.876067
13,8,302,140,4294,16,72,1,ford gran torino (sw),cc1733f4-a1f0-4522-ae09-5bbf09a12d2c,2022-04-20 10:13:34.876075
14,8,318,150,4077,14,72,1,plymouth satellite custom (sw),9d53cfba-f169-45ad-b2b3-bb62c07d9982,2022-04-20 10:13:34.876084
18,4,121,112,2933,14.5,72,2,volvo 145e (sw),ca9080ad-36d5-4876-966d-4854e908be4c,2022-04-20 10:13:34.876116
22,4,121,76,2511,18,72,2,volkswagen 411 (sw),76ce0d44-6f59-4c90-b7fb-c417f5579bc0,2022-04-20 10:13:34.876126
21,4,120,87,2979,19.5,72,2,peugeot 504 (sw),94594d64-5491-4951-924f-c58ee799d0d2,2022-04-20 10:13:34.876134
26,4,96,69,2189,18,72,2,renault 12 (sw),f80fd01c-84d9-4f08-94da-4fa285df8582,2022-04-20 10:13:34.876142
22,4,122,86,2395,16,72,1,ford pinto (sw),0a551c69-4696-46b7-8fa3-932caf68ecb6,2022-04-20 10:13:34.876151
28,4,97,92,2288,17,72,3,datsun 510 (sw),fdc54e78-ca42-4449-84a7-34cd701aeec7,2022-04-20 10:13:34.876159
23,4,120,97,2506,14.5,72,3,toyouta corona mark ii (sw),eb0f9ed5-e782-4f0b-b224-d264b2da2fd3,2022-04-20 10:13:34.876168
28,4,98,80,2164,15,72,1,dodge colt (sw),951bd78d-d57e-48c6-a892-2ab1e6ec0dc7,2022-04-20 10:13:34.876176
27,4,97,88,2100,16.5,72,3,toyota corolla 1600 (sw),c0dd64ee-a283-4a83-a340-5e059a60facc,2022-04-20 10:13:34.876184
13,8,350,175,4100,13,73,1,buick century 350,032be822-3079-49bb-82b6-3dc07bde5253,2022-04-20 10:13:34.876192
14,8,304,150,3672,11.5,73,1,amc matador,4ceb0945-f480-4259-9bbe-fc9e5bef87cd,2022-04-20 10:13:34.876200
13,8,350,145,3988,13,73,1,chevrolet malibu,37293ee6-e351-4b50-91c6-6c74bf8982a6,2022-04-20 10:13:34.876208
14,8,302,137,4042,14.5,73,1,ford gran torino,6df5f00b-304c-4566-9899-1f24c3684b91,2022-04-20 10:13:34.876216
15,8,318,150,3777,12.5,73,1,dodge coronet custom,376eab04-27be-4a6c-b6e6-fd21f42dda56,2022-04-20 10:13:34.876224
12,8,429,198,4952,11.5,73,1,mercury marquis brougham,267dab2b-275a-4c59-b32f-bfb4d514873c,2022-04-20 10:13:34.876244
13,8,400,150,4464,12,73,1,chevrolet caprice classic,abb5c1fe-47e8-405f-ad54-a5a59330260c,2022-04-20 10:13:34.876252
13,8,351,158,4363,13,73,1,ford ltd,a7387730-b991-415f-a665-c56c5d8b7213,2022-04-20 10:13:34.876260
14,8,318,150,4237,14.5,73,1,plymouth fury gran sedan,71d37e04-5418-4c13-871b-c5eb8d2e658f,2022-04-20 10:13:34.876269
13,8,440,215,4735,11,73,1,chrysler new yorker brougham,a1fc64a2-f62b-49f8-a0a8-cd143d14b88a,2022-04-20 10:13:34.876277
12,8,455,225,4951,11,73,1,buick electra 225 custom,138bf801-8b2c-40fa-a6e4-322d07e042a4,2022-04-20 10:13:34.876285
13,8,360,175,3821,11,73,1,amc ambassador brougham,a9866c3a-e921-4a59-af80-506c3e4b50e8,2022-04-20 10:13:34.876293
18,6,225,105,3121,16.5,73,1,plymouth valiant,9c5e2e7b-9be4-4fb2-a7ea-e0913e86d6bb,2022-04-20 10:13:34.876302
16,6,250,100,3278,18,73,1,chevrolet nova custom,0e2fb5a3-1d76-4532-a782-f02ed4943212,2022-04-20 10:13:34.876310
18,6,232,100,2945,16,73,1,amc hornet,2651153d-b17d-4b6a-ad03-4a80df4fbec1,2022-04-20 10:13:34.876318
18,6,250,88,3021,16.5,73,1,ford maverick,8a8b983b-af8a-4acd-9604-7fe0f1f710e2,2022-04-20 10:13:34.876326
23,6,198,95,2904,16,73,1,plymouth duster,73bc061f-836a-4ad3-8c07-bb87971a44db,2022-04-20 10:13:34.876343
26,4,97,46,1950,21,73,2,volkswagen super beetle,2fd75fe0-9622-4481-a52f-f9f6d010365a,2022-04-20 10:13:34.876351
11,8,400,150,4997,14,73,1,chevrolet impala,6457afa9-9bef-4f27-a58a-9c0dab8fe1fd,2022-04-20 10:13:34.876359
12,8,400,167,4906,12.5,73,1,ford country,9451b3be-b8c9-4570-a8c0-fb0d12fa95d0,2022-04-20 10:13:34.876367
13,8,360,170,4654,13,73,1,plymouth custom suburb,40b2c722-b0a9-4e98-85d2-bb26397b52bb,2022-04-20 10:13:34.876375
12,8,350,180,4499,12.5,73,1,oldsmobile vista cruiser,6aff6a03-1971-48fb-a316-d0e8cd888dc9,2022-04-20 10:13:34.876383
18,6,232,100,2789,15,73,1,amc gremlin,87062f3f-8691-4cbe-9396-e3a361735772,2022-04-20 10:13:34.876391
20,4,97,88,2279,19,73,3,toyota carina,4863dd22-2c95-44aa-82cb-31ec8440d556,2022-04-20 10:13:34.876399
21,4,140,72,2401,19.5,73,1,chevrolet vega,57170b43-9418-433e-834b-41b038c82d38,2022-04-20 10:13:34.876413
22,4,108,94,2379,16.5,73,3,datsun 610,e0910173-3511-42bc-b68c-0f709ee116db,2022-04-20 10:13:34.876421
18,3,70,90,2124,13.5,73,3,maxda rx3,a6658d7d-42b3-45e0-8b65-cbdb4d967107,2022-04-20 10:13:34.876429
19,4,122,85,2310,18.5,73,1,ford pinto,3e62374c-45ee-4007-9e36-b1ff97fe1728,2022-04-20 10:13:34.876449
21,6,155,107,2472,14,73,1,mercury capri v6,021c3137-bfe2-489c-a2cd-2bb6d9e6266b,2022-04-20 10:13:34.876468
26,4,98,90,2265,15.5,73,2,fiat 124 sport coupe,60d16071-00dc-4334-9687-354a731751d3,2022-04-20 10:13:34.876476
15,8,350,145,4082,13,73,1,chevrolet monte carlo s,9c84f1c9-015e-4ccf-9909-9e8a320bed31,2022-04-20 10:13:34.876484
16,8,400,230,4278,9.5,73,1,pontiac grand prix,c73a0e4b-4390-40d0-91b6-85b58853a4a0,2022-04-20 10:13:34.876492
29,4,68,49,1867,19.5,73,2,fiat 128,adb5f8f0-88ca-4558-9759-c9ad991b67c4,2022-04-20 10:13:34.876500
24,4,116,75,2158,15.5,73,2,opel manta,d17f0d25-a534-4ec6-a17a-887f88294743,2022-04-20 10:13:34.876508
20,4,114,91,2582,14,73,2,audi 100ls,e864c066-941f-4ac7-9047-f1b5bea850f2,2022-04-20 10:13:34.876516
19,4,121,112,2868,15.5,73,2,volvo 144ea,a73a6691-3077-4d22-97ce-a5c4eb4b84e9,2022-04-20 10:13:34.876524
15,8,318,150,3399,11,73,1,dodge dart custom,cd48b75a-705c-47c1-9bde-7bc47b609122,2022-04-20 10:13:34.876545
24,4,121,110,2660,14,73,2,saab 99le,a622d341-a4b0-4643-92b4-571ba298a66f,2022-04-20 10:13:34.876560
20,6,156,122,2807,13.5,73,3,toyota mark ii,355c63af-eba3-41ce-a0c9-1fd0ce60d768,2022-04-20 10:13:34.876577
11,8,350,180,3664,11,73,1,oldsmobile omega,c7e6004b-329a-4e68-9674-8223e367f9b0,2022-04-20 10:13:34.876586
20,6,198,95,3102,16.5,74,1,plymouth duster,d046792e-0c73-40a4-894c-dfa5c19c580c,2022-04-20 10:13:34.876594
19,6,232,100,2901,16,74,1,amc hornet,6957ec03-c4c3-4952-931e-484ce64869b2,2022-04-20 10:13:34.876602
15,6,250,100,3336,17,74,1,chevrolet nova,63063d40-37f8-421b-8e6b-51d532883e33,2022-04-20 10:13:34.876610
31,4,79,67,1950,19,74,3,datsun b210,48113047-d27f-48f1-a1a3-bac2e8c99750,2022-04-20 10:13:34.876618
26,4,122,80,2451,16.5,74,1,ford pinto,17365212-394e-474a-82ca-62abc374e6d2,2022-04-20 10:13:34.876626
32,4,71,65,1836,21,74,3,toyota corolla 1200,e2a5da11-59e6-46b7-985d-fb621ec50c6f,2022-04-20 10:13:34.876634
25,4,140,75,2542,17,74,1,chevrolet vega,8d9f72d1-0530-44bf-8146-501d02a90b95,2022-04-20 10:13:34.876642
16,6,250,100,3781,17,74,1,chevrolet chevelle malibu classic,5f91bdae-1dba-40fe-8234-673a58385db7,2022-04-20 10:13:34.876655
16,6,258,110,3632,18,74,1,amc matador,2272f808-d2d0-42f1-903d-23710e81815e,2022-04-20 10:13:34.876664
18,6,225,105,3613,16.5,74,1,plymouth satellite sebring,64e072ca-8a69-4e3e-8901-3abc28a2f769,2022-04-20 10:13:34.876672
16,8,302,140,4141,14,74,1,ford gran torino,5c5c03b9-113e-477a-90d0-50251408b14a,2022-04-20 10:13:34.876693
13,8,350,150,4699,14.5,74,1,buick century luxus (sw),6147d0a0-3b42-4d88-92ce-c08ead293860,2022-04-20 10:13:34.876712
14,8,318,150,4457,13.5,74,1,dodge coronet custom (sw),d78fc0b3-e8ff-4a30-8dc0-f059aaccc08d,2022-04-20 10:13:34.876744
14,8,302,140,4638,16,74,1,ford gran torino (sw),bde233bd-c165-4b41-947a-06b309f54643,2022-04-20 10:13:34.876759
14,8,304,150,4257,15.5,74,1,amc matador (sw),51f84f5a-d7fb-41c4-bc00-dce03ff26d56,2022-04-20 10:13:34.876771
29,4,98,83,2219,16.5,74,2,audi fox,bc0e16ea-0225-46a1-a49e-e5b2423424e5,2022-04-20 10:13:34.876784
26,4,79,67,1963,15.5,74,2,volkswagen dasher,e0a9425e-0f28-48df-9645-aa18b3d914ee,2022-04-20 10:13:34.876795
26,4,97,78,2300,14.5,74,2,opel manta,e2cd4c50-ec0c-4a46-8091-2b01a7747286,2022-04-20 10:13:34.876809
31,4,76,52,1649,16.5,74,3,toyota corona,04c3fa81-0e68-426a-acf6-62bac1075d40,2022-04-20 10:13:34.876821
32,4,83,61,2003,19,74,3,datsun 710,3d1fbff6-a7cc-408c-8606-a79fefb131de,2022-04-20 10:13:34.876834
28,4,90,75,2125,14.5,74,1,dodge colt,2a30dfb4-afc9-4cdd-ba97-ce74dd8047ce,2022-04-20 10:13:34.876848
24,4,90,75,2108,15.5,74,2,fiat 128,782518df-1c44-420d-a544-121be841fe82,2022-04-20 10:13:34.876866
26,4,116,75,2246,14,74,2,fiat 124 tc,e765dc78-58a6-4a93-9402-f703ed9d7b25,2022-04-20 10:13:34.876885
24,4,120,97,2489,15,74,3,honda civic,b029eac8-3434-4d82-b465-1da3b29905ee,2022-04-20 10:13:34.876893
26,4,108,93,2391,15.5,74,3,subaru,0023c5cd-650e-4839-8a29-16660e680b6a,2022-04-20 10:13:34.876902
31,4,79,67,2000,16,74,2,fiat x1.9,76b861e6-bcd8-450f-9790-35b067189c96,2022-04-20 10:13:34.876910
19,6,225,95,3264,16,75,1,plymouth valiant custom,795a108f-d6dd-4156-abe9-c25c43eb47ab,2022-04-20 10:13:34.876956
18,6,250,105,3459,16,75,1,chevrolet nova,4fc18371-15e3-494d-a224-0e9f1110a0ed,2022-04-20 10:13:34.876975
15,6,250,72,3432,21,75,1,mercury monarch,0c75e355-18c6-4b70-9994-765e3ad0f5cc,2022-04-20 10:13:34.876994
15,6,250,72,3158,19.5,75,1,ford maverick,e31ab7c9-0363-4280-8d5c-98f8a6a43392,2022-04-20 10:13:34.877003
16,8,400,170,4668,11.5,75,1,pontiac catalina,fce94adf-2f3d-4b2d-96c9-b74adacb962a,2022-04-20 10:13:34.877012
15,8,350,145,4440,14,75,1,chevrolet bel air,f1ec75de-ea8d-454d-9d77-80cbb1508772,2022-04-20 10:13:34.877020
16,8,318,150,4498,14.5,75,1,plymouth grand fury,fa7a5f2e-95e0-460c-9be8-9539505520e1,2022-04-20 10:13:34.877029
14,8,351,148,4657,13.5,75,1,ford ltd,7a3266bd-fd07-4bca-a592-68b67d42cc59,2022-04-20 10:13:34.877037
17,6,231,110,3907,21,75,1,buick century,d5a1a509-6ef8-4c8d-aa8b-1808a497f94d,2022-04-20 10:13:34.877053
16,6,250,105,3897,18.5,75,1,chevroelt chevelle malibu,8a257245-0a62-4c48-b08e-2dae3869f25b,2022-04-20 10:13:34.877061
15,6,258,110,3730,19,75,1,amc matador,bf6e2eb9-18ca-4a2c-b8a8-1ae78cebf17a,2022-04-20 10:13:34.877069
18,6,225,95,3785,19,75,1,plymouth fury,16c9c077-8b4c-40c6-adf4-b0ed2c58cbd1,2022-04-20 10:13:34.877085
21,6,231,110,3039,15,75,1,buick skyhawk,1980e97a-1c0d-45ef-b48d-a22cf2bb2c5c,2022-04-20 10:13:34.877093
20,8,262,110,3221,13.5,75,1,chevrolet monza 2+2,1096afbf-40a3-4dbd-b9b0-565875b792db,2022-04-20 10:13:34.877101
13,8,302,129,3169,12,75,1,ford mustang ii,6f1303cc-b2ec-44cd-a6e6-6e8d16f2d71e,2022-04-20 10:13:34.877109
29,4,97,75,2171,16,75,3,toyota corolla,773a6405-24f9-41c8-9c91-5bbc78350c38,2022-04-20 10:13:34.877126
23,4,140,83,2639,17,75,1,ford pinto,ed4acc1e-91af-407c-ac19-bc1c6006e724,2022-04-20 10:13:34.877144
20,6,232,100,2914,16,75,1,amc gremlin,35d68c48-2a86-4ba8-bb59-64f8ba59ab8f,2022-04-20 10:13:34.877152
23,4,140,78,2592,18.5,75,1,pontiac astro,c5af58d0-dca4-48f1-8712-7349d1f82d38,2022-04-20 10:13:34.877160
24,4,134,96,2702,13.5,75,3,toyota corona,364bc1bf-c892-4f41-bae5-32cbb45d1b21,2022-04-20 10:13:34.877168
25,4,90,71,2223,16.5,75,2,volkswagen dasher,2924ef98-586f-4b30-bfb8-0f6fd92b1cd4,2022-04-20 10:13:34.877176
24,4,119,97,2545,17,75,3,datsun 710,69cd3872-0506-4f38-a0c7-c2e757ece7fd,2022-04-20 10:13:34.877190
18,6,171,97,2984,14.5,75,1,ford pinto,6a643fad-a840-49fe-8a20-cf7e9a81ff62,2022-04-20 10:13:34.877206
29,4,90,70,1937,14,75,2,volkswagen rabbit,4de52163-a22d-4a7f-a31a-1c3fee557c80,2022-04-20 10:13:34.877225
19,6,232,90,3211,17,75,1,amc pacer,953210fb-fa60-4c14-8b3b-9be09777c0e7,2022-04-20 10:13:34.877233
23,4,115,95,2694,15,75,2,audi 100ls,49c8ab0c-6d34-4534-ad2d-86c74eb6049a,2022-04-20 10:13:34.877241
23,4,120,88,2957,17,75,2,peugeot 504,52eed8a8-25ba-403c-af05-b84192c67f75,2022-04-20 10:13:34.877249
22,4,121,98,2945,14.5,75,2,volvo 244dl,f32a3dae-ff81-47eb-9bb8-9c583db5a795,2022-04-20 10:13:34.877257
25,4,121,115,2671,13.5,75,2,saab 99le,9ee4affd-58ac-4f4d-b0c8-5e8a75ea182c,2022-04-20 10:13:34.877265
33,4,91,53,1795,17.5,75,3,honda civic cvcc,224f7ba9-023e-409d-be1d-022078725fe7,2022-04-20 10:13:34.877272
28,4,107,86,2464,15.5,76,2,fiat 131,41da2f18-c462-4ff3-be1d-ae9f1b2f5a35,2022-04-20 10:13:34.877281
25,4,116,81,2220,16.9,76,2,opel 1900,97356d85-abdc-4281-9f05-5bbc16e01770,2022-04-20 10:13:34.877294
25,4,140,92,2572,14.9,76,1,capri ii,e94d7cd5-18a4-4bf2-a6d0-ee3988a3cabc,2022-04-20 10:13:34.877312
26,4,98,79,2255,17.7,76,1,dodge colt,7bbfc267-dfab-4ad3-9d5f-29f7daa9247b,2022-04-20 10:13:34.877331
27,4,101,83,2202,15.3,76,2,renault 12tl,dbec212d-1a8a-4ce6-a424-132676fa07bd,2022-04-20 10:13:34.877340
17.5,8,305,140,4215,13,76,1,chevrolet chevelle malibu classic,b5faeb0a-8dc2-40ef-878c-704f1dd15432,2022-04-20 10:13:34.877351
16,8,318,150,4190,13,76,1,dodge coronet brougham,82a852ae-be10-40f1-9a3c-b2fb047e306d,2022-04-20 10:13:34.877360
15.5,8,304,120,3962,13.9,76,1,amc matador,dadedcc1-403e-4c33-baf0-0208df29af6b,2022-04-20 10:13:34.877370
14.5,8,351,152,4215,12.8,76,1,ford gran torino,3cc38c04-c792-4cde-9db1-f6ee2c637e1a,2022-04-20 10:13:34.877388
22,6,225,100,3233,15.4,76,1,plymouth valiant,eefb9917-22b1-4c42-8c08-3dc30a67b963,2022-04-20 10:13:34.877397
22,6,250,105,3353,14.5,76,1,chevrolet nova,e2f850c9-a13e-4cab-858d-ffbcc3975761,2022-04-20 10:13:34.877406
24,6,200,81,3012,17.6,76,1,ford maverick,349e1ec1-97c3-4b09-b6e9-1b3ddbbe32e0,2022-04-20 10:13:34.877426
22.5,6,232,90,3085,17.6,76,1,amc hornet,d807f779-6266-4250-bbab-2b80cb231441,2022-04-20 10:13:34.877445
29,4,85,52,2035,22.2,76,1,chevrolet chevette,de04054a-ca4d-478d-8ce7-83ef146dbd34,2022-04-20 10:13:34.877453
24.5,4,98,60,2164,22.1,76,1,chevrolet woody,64f8e36d-3dee-43bd-9c4d-84dfa7af2830,2022-04-20 10:13:34.877461
29,4,90,70,1937,14.2,76,2,vw rabbit,6987d0e9-6d18-4cc2-89e0-279392da2277,2022-04-20 10:13:34.877469
33,4,91,53,1795,17.4,76,3,honda civic,135c587d-032e-41c6-8314-883904c605f2,2022-04-20 10:13:34.877482
20,6,225,100,3651,17.7,76,1,dodge aspen se,67976404-54f5-4789-94f2-aa7b0fcabd62,2022-04-20 10:13:34.877497
18,6,250,78,3574,21,76,1,ford granada ghia,af57c9f7-0653-4da5-a8fd-be8ed2c2e884,2022-04-20 10:13:34.877506
18.5,6,250,110,3645,16.2,76,1,pontiac ventura sj,df516a91-49a3-499a-962b-b5fc07f5872c,2022-04-20 10:13:34.877514
17.5,6,258,95,3193,17.8,76,1,amc pacer d/l,0aa95ca0-d7ee-4b2e-98d2-d91c01f91a0c,2022-04-20 10:13:34.877522
29.5,4,97,71,1825,12.2,76,2,volkswagen rabbit,a0266d62-1fb2-4297-989e-58f66e51173e,2022-04-20 10:13:34.877537
32,4,85,70,1990,17,76,3,datsun b-210,edc4300b-62eb-4d01-8e91-d794582d2239,2022-04-20 10:13:34.877545
28,4,97,75,2155,16.4,76,3,toyota corolla,fed6eb5b-3f82-4950-977a-d6b76424161d,2022-04-20 10:13:34.877561
26.5,4,140,72,2565,13.6,76,1,ford pinto,e20dc20d-1a70-4440-a62c-2f8ce00e50b3,2022-04-20 10:13:34.877577
20,4,130,102,3150,15.7,76,2,volvo 245,377ef7b9-cd69-4e12-b6a5-5058ff13204c,2022-04-20 10:13:34.877585
13,8,318,150,3940,13.2,76,1,plymouth volare premier v8,418db412-d44f-43eb-944f-1ef697dfcc46,2022-04-20 10:13:34.877593
19,4,120,88,3270,21.9,76,2,peugeot 504,ac653140-fefc-4006-bf04-ceeddd2ca95c,2022-04-20 10:13:34.877601
19,6,156,108,2930,15.5,76,3,toyota mark ii,a8b2d392-4446-442c-ab22-5a6bb2346cea,2022-04-20 10:13:34.877609
16.5,6,168,120,3820,16.7,76,2,mercedes-benz 280s,3de8421f-a148-4640-b9c5-a04cdbb6db59,2022-04-20 10:13:34.877625
16.5,8,350,180,4380,12.1,76,1,cadillac seville,5270beaf-dea1-482f-9864-24a963d16ad6,2022-04-20 10:13:34.877633
13,8,350,145,4055,12,76,1,chevy c10,7281ee6e-7231-4c09-931a-3984e138a94b,2022-04-20 10:13:34.877653
13,8,302,130,3870,15,76,1,ford f108,a3bf18c7-5a83-4ffb-b1ee-4a894bea18ce,2022-04-20 10:13:34.877672
13,8,318,150,3755,14,76,1,dodge d100,56c009b7-8d84-4ac3-92bd-b04ecd6c5787,2022-04-20 10:13:34.877680
31.5,4,98,68,2045,18.5,77,3,honda accord cvcc,86042fda-55e8-42d0-b18c-33e4c0f6d7cd,2022-04-20 10:13:34.877688
30,4,111,80,2155,14.8,77,1,buick opel isuzu deluxe,b2cc5cd4-9d67-43c9-8d4b-52b8204d78a1,2022-04-20 10:13:34.877696
36,4,79,58,1825,18.6,77,2,renault 5 gtl,df7d409b-4d03-4b4a-a566-53af98f3a9ed,2022-04-20 10:13:34.877725
25.5,4,122,96,2300,15.5,77,1,plymouth arrow gs,1de5b592-b4e7-466d-b004-7c91937881d1,2022-04-20 10:13:34.877740
33.5,4,85,70,1945,16.8,77,3,datsun f-10 hatchback,9c1b7b83-ce98-4ec2-b8d8-4e4c9a639410,2022-04-20 10:13:34.877761
17.5,8,305,145,3880,12.5,77,1,chevrolet caprice classic,c919a920-bd08-4be7-9eaa-3dfafb418091,2022-04-20 10:13:34.877776
17,8,260,110,4060,19,77,1,oldsmobile cutlass supreme,1d2273ca-ec9f-4be6-a13e-0a8e90eaaf5c,2022-04-20 10:13:34.877784
15.5,8,318,145,4140,13.7,77,1,dodge monaco brougham,6b97ccfb-d75a-4bab-b4c4-a9e2d91dd44d,2022-04-20 10:13:34.877793
15,8,302,130,4295,14.9,77,1,mercury cougar brougham,f3809eef-58ad-414c-8110-8b8dc537c712,2022-04-20 10:13:34.877801
17.5,6,250,110,3520,16.4,77,1,chevrolet concours,6e717838-00a9-4d0d-8df7-f65b66e7567a,2022-04-20 10:13:34.877809
20.5,6,231,105,3425,16.9,77,1,buick skylark,1aaea3fd-7aef-47cc-9204-ec241442b5ff,2022-04-20 10:13:34.877817
19,6,225,100,3630,17.7,77,1,plymouth volare custom,58d5d26b-2af3-49d5-871f-c7d08967274d,2022-04-20 10:13:34.877830
18.5,6,250,98,3525,19,77,1,ford granada,a2ad680b-8415-41fb-b30e-c076fb0c09f8,2022-04-20 10:13:34.877878
16,8,400,180,4220,11.1,77,1,pontiac grand prix lj,1bf87393-5fe5-43ca-81a9-ce897026777f,2022-04-20 10:13:34.877894
15.5,8,350,170,4165,11.4,77,1,chevrolet monte carlo landau,6d462802-0d60-4d46-bce4-8ac49ec97e4b,2022-04-20 10:13:34.877914
15.5,8,400,190,4325,12.2,77,1,chrysler cordoba,032d77a5-cfed-45fa-b440-fb2b35cb09ac,2022-04-20 10:13:34.877923
16,8,351,149,4335,14.5,77,1,ford thunderbird,b910e5bf-fbd8-460d-9715-a247152eedad,2022-04-20 10:13:34.877933
29,4,97,78,1940,14.5,77,2,volkswagen rabbit custom,4089a1c6-a2b5-4c6b-92a6-41c8c4a4c7f4,2022-04-20 10:13:34.877941
24.5,4,151,88,2740,16,77,1,pontiac sunbird coupe,bcc6ed56-9e37-4d10-b147-f92bc6264a57,2022-04-20 10:13:34.877957
26,4,97,75,2265,18.2,77,3,toyota corolla liftback,87e89bae-331a-468c-b204-12d547fc726a,2022-04-20 10:13:34.877966
25.5,4,140,89,2755,15.8,77,1,ford mustang ii 2+2,65bf5fbf-4a5c-4420-a5de-4e49467e9af6,2022-04-20 10:13:34.877981
30.5,4,98,63,2051,17,77,1,chevrolet chevette,83791bb2-7e55-47b6-ac2c-c5e8403d7700,2022-04-20 10:13:34.878000
33.5,4,98,83,2075,15.9,77,1,dodge colt m/m,99f73217-b8e3-41da-9f01-cfd550cd3ea8,2022-04-20 10:13:34.878008
30,4,97,67,1985,16.4,77,3,subaru dl,28b5c574-2c44-49ea-8cbc-24503cb73979,2022-04-20 10:13:34.878016
30.5,4,97,78,2190,14.1,77,2,volkswagen dasher,7801cea8-1e9f-4a60-9b2a-869272ac16b6,2022-04-20 10:13:34.878024
22,6,146,97,2815,14.5,77,3,datsun 810,df65a003-4670-47d7-9824-fa1642e0e2d3,2022-04-20 10:13:34.878041
21.5,4,121,110,2600,12.8,77,2,bmw 320i,e790e4ba-c22b-4368-b3c0-586b3155426c,2022-04-20 10:13:34.878049
21.5,3,80,110,2720,13.5,77,3,mazda rx-4,a0cf063f-fed0-48cb-8619-dd82306f9809,2022-04-20 10:13:34.878057
43.1,4,90,48,1985,21.5,78,2,volkswagen rabbit custom diesel,8c948b53-5e87-427c-8e5b-12b4824f6bf8,2022-04-20 10:13:34.878065
36.1,4,98,66,1800,14.4,78,1,ford fiesta,e74ecc1c-3d4d-4cba-a7a1-ff90b4e9f153,2022-04-20 10:13:34.878079
32.8,4,78,52,1985,19.4,78,3,mazda glc deluxe,dae18a8e-3991-4304-8b97-b4696e275ca5,2022-04-20 10:13:34.878087
39.4,4,85,70,2070,18.6,78,3,datsun b210 gx,1ab0455e-a40d-46b0-9b56-1aecd8465b69,2022-04-20 10:13:34.878108
36.1,4,91,60,1800,16.4,78,3,honda civic cvcc,02222957-9406-4535-b17d-30a9879c6664,2022-04-20 10:13:34.878126
19.9,8,260,110,3365,15.5,78,1,oldsmobile cutlass salon brougham,acf61b2e-4a69-4eaa-9252-c63830f7df36,2022-04-20 10:13:34.878135
19.4,8,318,140,3735,13.2,78,1,dodge diplomat,c1020a96-4612-4a59-a6bc-48e63ca1f5a6,2022-04-20 10:13:34.878143
20.2,8,302,139,3570,12.8,78,1,mercury monarch ghia,8c410daf-0a33-45c2-b7b9-2c808ccc7b4a,2022-04-20 10:13:34.878151
19.2,6,231,105,3535,19.2,78,1,pontiac phoenix lj,81500a4a-bd91-4704-96dd-4b1c7490a37c,2022-04-20 10:13:34.878168
20.5,6,200,95,3155,18.2,78,1,chevrolet malibu,e77a57f6-6e65-4067-bbdc-e9e453d6b583,2022-04-20 10:13:34.878176
20.2,6,200,85,2965,15.8,78,1,ford fairmont (auto),248332f4-b0c0-4b55-87a2-5fb89c620c76,2022-04-20 10:13:34.878187
25.1,4,140,88,2720,15.4,78,1,ford fairmont (man),c77dd8da-bb77-4312-949d-dd7c4bf284a1,2022-04-20 10:13:34.878195
20.5,6,225,100,3430,17.2,78,1,plymouth volare,5025917e-b070-40dd-96c6-d0b24dba43d7,2022-04-20 10:13:34.878212
19.4,6,232,90,3210,17.2,78,1,amc concord,478c5777-3edf-4620-b791-98e4c2dd6f8c,2022-04-20 10:13:34.878226
20.6,6,231,105,3380,15.8,78,1,buick century special,282bf5ef-b9ae-4d52-9b36-4f8efc7ce607,2022-04-20 10:13:34.878234
20.8,6,200,85,3070,16.7,78,1,mercury zephyr,99d1eb28-fdd4-48fb-aa1f-1fbfb3bd0e13,2022-04-20 10:13:34.878242
18.6,6,225,110,3620,18.7,78,1,dodge aspen,dfa6282b-ff05-4dde-b5ed-2476c523956f,2022-04-20 10:13:34.878263
18.1,6,258,120,3410,15.1,78,1,amc concord d/l,7eebd65f-a03e-4e23-90ae-763e01802165,2022-04-20 10:13:34.878285
19.2,8,305,145,3425,13.2,78,1,chevrolet monte carlo landau,a2cc28ee-683e-4aed-8905-12ef6b59f270,2022-04-20 10:13:34.878296
17.7,6,231,165,3445,13.4,78,1,buick regal sport coupe (turbo),8c28fcc5-7fae-410d-8a85-774911b1de5f,2022-04-20 10:13:34.878318
18.1,8,302,139,3205,11.2,78,1,ford futura,3a3a22ef-67e3-48d2-b163-aa095a2a6571,2022-04-20 10:13:34.878341
17.5,8,318,140,4080,13.7,78,1,dodge magnum xe,45a6e8ee-0878-4039-8f26-d9803881f172,2022-04-20 10:13:34.878350
30,4,98,68,2155,16.5,78,1,chevrolet chevette,f6e78910-a68d-4895-b6a7-46f9f6342a99,2022-04-20 10:13:34.878358
27.5,4,134,95,2560,14.2,78,3,toyota corona,9aa1acd6-4728-4cac-8e8e-2c07d84ff7d2,2022-04-20 10:13:34.878366
27.2,4,119,97,2300,14.7,78,3,datsun 510,05788320-5978-43e7-aae5-8fba53a07652,2022-04-20 10:13:34.878381
30.9,4,105,75,2230,14.5,78,1,dodge omni,5fa42d50-7631-4563-9e16-ea01841dd991,2022-04-20 10:13:34.878389
21.1,4,134,95,2515,14.8,78,3,toyota celica gt liftback,1b98917d-6cb4-46ad-8732-3e83cab0b4ce,2022-04-20 10:13:34.878409
23.2,4,156,105,2745,16.7,78,1,plymouth sapporo,429d3861-2256-43b1-a2e0-b7b5187801c2,2022-04-20 10:13:34.878421
23.8,4,151,85,2855,17.6,78,1,oldsmobile starfire sx,ab6330b0-b777-499b-902b-0066e4885bf9,2022-04-20 10:13:34.878429
23.9,4,119,97,2405,14.9,78,3,datsun 200-sx,d1fd9511-6606-4403-ba18-3ecbbc394bb9,2022-04-20 10:13:34.878437
20.3,5,131,103,2830,15.9,78,2,audi 5000,988ff274-4af2-4d1c-9a01-e6c5923fff6b,2022-04-20 10:13:34.878445
17,6,163,125,3140,13.6,78,2,volvo 264gl,5baf49c0-a2c9-4bab-8f72-d30dc09af19b,2022-04-20 10:13:34.878460
21.6,4,121,115,2795,15.7,78,2,saab 99gle,5417824e-c4b1-4f8a-bb9e-d1f9ab118f37,2022-04-20 10:13:34.878478
16.2,6,163,133,3410,15.8,78,2,peugeot 604sl,f3681197-9cef-45ba-aadc-4661ddcd196d,2022-04-20 10:13:34.878486
31.5,4,89,71,1990,14.9,78,2,volkswagen scirocco,1637146b-96e7-43b9-b338-434c50e47d67,2022-04-20 10:13:34.878494
29.5,4,98,68,2135,16.6,78,3,honda accord lx,b30e0926-8459-4701-8ee9-9c86ded219ba,2022-04-20 10:13:34.878503
21.5,6,231,115,3245,15.4,79,1,pontiac lemans v6,4816e840-6492-4696-8d49-bc25c053fec4,2022-04-20 10:13:34.878511
19.8,6,200,85,2990,18.2,79,1,mercury zephyr 6,937653a4-8b5a-44de-9d9c-6a06a188e56a,2022-04-20 10:13:34.878524
22.3,4,140,88,2890,17.3,79,1,ford fairmont 4,3697b3dc-c31d-427a-8e32-4cf5258f2ffe,2022-04-20 10:13:34.878544
20.2,6,232,90,3265,18.2,79,1,amc concord dl 6,34143c7e-d4fe-4207-b946-792ab9d45455,2022-04-20 10:13:34.878552
20.6,6,225,110,3360,16.6,79,1,dodge aspen 6,a95d90c7-e28d-41fa-95fc-3ddd5601b86c,2022-04-20 10:13:34.878562
17,8,305,130,3840,15.4,79,1,chevrolet caprice classic,b77370dc-ee0f-4196-9a4a-7547d5092c4d,2022-04-20 10:13:34.878570
17.6,8,302,129,3725,13.4,79,1,ford ltd landau,b64f34bb-cddc-467e-aa9d-56b4bdc73762,2022-04-20 10:13:34.878578
16.5,8,351,138,3955,13.2,79,1,mercury grand marquis,f5f55352-b145-4481-875a-e087f261b0c5,2022-04-20 10:13:34.878586
18.2,8,318,135,3830,15.2,79,1,dodge st. regis,110c5ce7-7e88-4e7d-9041-27fdf49232d1,2022-04-20 10:13:34.878604
16.9,8,350,155,4360,14.9,79,1,buick estate wagon (sw),67add4b0-59d3-4d84-82cb-945a3b85dd16,2022-04-20 10:13:34.878612
15.5,8,351,142,4054,14.3,79,1,ford country squire (sw),44d11f60-89ee-483e-9553-db61a0ec6caa,2022-04-20 10:13:34.878620
19.2,8,267,125,3605,15,79,1,chevrolet malibu classic (sw),0417bdff-1135-45ef-aa21-14ac52259475,2022-04-20 10:13:34.878629
18.5,8,360,150,3940,13,79,1,chrysler lebaron town country (sw),9ba6d466-5270-40cd-a38b-4ba838e738e9,2022-04-20 10:13:34.878641
31.9,4,89,71,1925,14,79,2,vw rabbit custom,7d79d0fb-0f75-4c3a-842c-45012bdf58c4,2022-04-20 10:13:34.878659
34.1,4,86,65,1975,15.2,79,3,maxda glc deluxe,0a3539b1-999d-41ba-a39f-7af663f8fa9a,2022-04-20 10:13:34.878667
35.7,4,98,80,1915,14.4,79,1,dodge colt hatchback custom,87574ce8-e984-4a49-bd8e-7edd96658ebf,2022-04-20 10:13:34.878676
27.4,4,121,80,2670,15,79,1,amc spirit dl,50cddee1-2e55-4558-956a-1df4cb36f9f8,2022-04-20 10:13:34.878684
25.4,5,183,77,3530,20.1,79,2,mercedes benz 300d,d132bfa5-ff53-4dec-8cab-5bde63f78c8d,2022-04-20 10:13:34.878692
23,8,350,125,3900,17.4,79,1,cadillac eldorado,0cb006a5-391e-4865-9f06-6610ff380218,2022-04-20 10:13:34.878700
27.2,4,141,71,3190,24.8,79,2,peugeot 504,e2ce5b5c-d64a-45bf-bd77-5f6179889d6b,2022-04-20 10:13:34.878725
23.9,8,260,90,3420,22.2,79,1,oldsmobile cutlass salon brougham,1e950dad-7a1c-4dc5-b929-96f5b4e21966,2022-04-20 10:13:34.878738
34.2,4,105,70,2200,13.2,79,1,plymouth horizon,9a17a0ef-83c3-4420-9074-390b18e1e9c4,2022-04-20 10:13:34.878779
34.5,4,105,70,2150,14.9,79,1,plymouth horizon tc3,98fe5f75-3b2e-4940-9c4a-0604642d73a4,2022-04-20 10:13:34.878798
31.8,4,85,65,2020,19.2,79,3,datsun 210,768a8d45-7684-4604-af2a-3fec67e751ca,2022-04-20 10:13:34.878808
37.3,4,91,69,2130,14.7,79,2,fiat strada custom,fe990c44-f002-4bb9-8a86-5ffd0305bc4e,2022-04-20 10:13:34.878817
28.4,4,151,90,2670,16,79,1,buick skylark limited,b91d270c-2196-448c-b324-c55dfdcc6c74,2022-04-20 10:13:34.878825
28.8,6,173,115,2595,11.3,79,1,chevrolet citation,2f342025-95cf-4f59-bf2e-db84f004af58,2022-04-20 10:13:34.878833
26.8,6,173,115,2700,12.9,79,1,oldsmobile omega brougham,cf8a9629-389f-4f24-b7ea-6030bd0e0d91,2022-04-20 10:13:34.878842
33.5,4,151,90,2556,13.2,79,1,pontiac phoenix,8e62bff8-d084-47cd-8c99-5abbeacf0151,2022-04-20 10:13:34.878850
41.5,4,98,76,2144,14.7,80,2,vw rabbit,1f8b6dc9-f38f-4859-b25e-7649463d8fb9,2022-04-20 10:13:34.878858
38.1,4,89,60,1968,18.8,80,3,toyota corolla tercel,149ea8fc-2a51-4b9d-88ea-e209274e091d,2022-04-20 10:13:34.878866
32.1,4,98,70,2120,15.5,80,1,chevrolet chevette,2e830753-78ad-42b0-8cc3-0fa75b4b1020,2022-04-20 10:13:34.878874
37.2,4,86,65,2019,16.4,80,3,datsun 310,dc326b62-5de3-4b24-94c4-9f409551c112,2022-04-20 10:13:34.878883
28,4,151,90,2678,16.5,80,1,chevrolet citation,34b56700-65f3-46b9-bed3-deea7496ceb4,2022-04-20 10:13:34.878891
26.4,4,140,88,2870,18.1,80,1,ford fairmont,9c3a7fa6-7c43-414a-ab76-3ba4ee18a74a,2022-04-20 10:13:34.878899
24.3,4,151,90,3003,20.1,80,1,amc concord,80d84f26-7dc2-40d0-ab72-0ff84933593c,2022-04-20 10:13:34.878912
19.1,6,225,90,3381,18.7,80,1,dodge aspen,e1573b61-b31a-4c56-a4ea-e72190c380b9,2022-04-20 10:13:34.878920
34.3,4,97,78,2188,15.8,80,2,audi 4000,f5fd7073-418b-4027-8fd2-fcc2f7a61b61,2022-04-20 10:13:34.878928
29.8,4,134,90,2711,15.5,80,3,toyota corona liftback,e589999b-5ade-4668-8b41-3f86cccd486a,2022-04-20 10:13:34.878936
31.3,4,120,75,2542,17.5,80,3,mazda 626,dabc0cbe-340b-428a-8b86-c3c7be9e331f,2022-04-20 10:13:34.878945
37,4,119,92,2434,15,80,3,datsun 510 hatchback,e5192f69-0011-495a-ba68-ecd6bc9f6f13,2022-04-20 10:13:34.878953
32.2,4,108,75,2265,15.2,80,3,toyota corolla,5dff2d74-453d-4048-b99a-7e6aa86ba88c,2022-04-20 10:13:34.878961
46.6,4,86,65,2110,17.9,80,3,mazda glc,c463df89-81f1-4d42-bacb-ea0c02100495,2022-04-20 10:13:34.878969
27.9,4,156,105,2800,14.4,80,1,dodge colt,a972cd69-4ede-4ddd-b453-e22bfa3c1ee0,2022-04-20 10:13:34.878977
40.8,4,85,65,2110,19.2,80,3,datsun 210,e5a61e94-e6fd-411a-8c90-c79c2fe746ee,2022-04-20 10:13:34.878985
44.3,4,90,48,2085,21.7,80,2,vw rabbit c (diesel),2d57d669-ae1d-4cd0-bbd4-6d5e7b0264db,2022-04-20 10:13:34.878993
43.4,4,90,48,2335,23.7,80,2,vw dasher (diesel),9b4944af-07a2-4d2b-82fa-705132697463,2022-04-20 10:13:34.879001
36.4,5,121,67,2950,19.9,80,2,audi 5000s (diesel),6d6f8824-005d-4cb0-936f-47a1abbbfe41,2022-04-20 10:13:34.879010
30,4,146,67,3250,21.8,80,2,mercedes-benz 240d,c29e3033-b07e-4c4a-ad16-1ac67fcb0aec,2022-04-20 10:13:34.879018
44.6,4,91,67,1850,13.8,80,3,honda civic 1500 gl,b58d29ee-d4a2-4cb2-97ab-361ff5f2bcdf,2022-04-20 10:13:34.879026
33.8,4,97,67,2145,18,80,3,subaru dl,76a24e88-418d-41c9-996f-45264be0f3a8,2022-04-20 10:13:34.879037
29.8,4,89,62,1845,15.3,80,2,vokswagen rabbit,49cfe27a-506d-46ab-baea-e3294d0df53c,2022-04-20 10:13:34.879045
32.7,6,168,132,2910,11.4,80,3,datsun 280-zx,88d34026-fc1f-4517-aa5f-8c0f93873c7b,2022-04-20 10:13:34.879054
23.7,3,70,100,2420,12.5,80,3,mazda rx-7 gs,7e4b25b3-ae18-4f65-b2e7-5ec26f1a5119,2022-04-20 10:13:34.879062
35,4,122,88,2500,15.1,80,2,triumph tr7 coupe,f85dd82a-6c3a-4144-b29f-1b954ef20b5f,2022-04-20 10:13:34.879071
32.4,4,107,72,2290,17,80,3,honda accord,51a41327-bed7-4f4b-bb85-3ee341bf1c22,2022-04-20 10:13:34.879079
27.2,4,135,84,2490,15.7,81,1,plymouth reliant,dec5c262-5878-4242-a417-309cb28fbbbc,2022-04-20 10:13:34.879087
26.6,4,151,84,2635,16.4,81,1,buick skylark,b5ca43fe-93fd-4a36-a21b-27083a9894a4,2022-04-20 10:13:34.879095
25.8,4,156,92,2620,14.4,81,1,dodge aries wagon (sw),26adcbda-6b56-466c-9225-ee0c7f95cd5b,2022-04-20 10:13:34.879105
23.5,6,173,110,2725,12.6,81,1,chevrolet citation,0cd8ae73-4dce-4db8-b56a-de6592cf4225,2022-04-20 10:13:34.879113
30,4,135,84,2385,12.9,81,1,plymouth reliant,a971ca1e-8287-4eca-aec5-6761b9b250c9,2022-04-20 10:13:34.879122
39.1,4,79,58,1755,16.9,81,3,toyota starlet,de3805df-44af-46b8-8f5f-672efc65f4a7,2022-04-20 10:13:34.879130
39,4,86,64,1875,16.4,81,1,plymouth champ,d20ace78-5a33-4b83-bc21-64ef976e5eca,2022-04-20 10:13:34.879138
35.1,4,81,60,1760,16.1,81,3,honda civic 1300,6e160f81-3b54-4b5d-b2d4-905a68dd2048,2022-04-20 10:13:34.879146
32.3,4,97,67,2065,17.8,81,3,subaru,4116a860-e039-4ab3-afa3-25eac9357d11,2022-04-20 10:13:34.879155
37,4,85,65,1975,19.4,81,3,datsun 210 mpg,34b19bc2-83e5-45cf-ba9b-c03899217b00,2022-04-20 10:13:34.879162
37.7,4,89,62,2050,17.3,81,3,toyota tercel,4e29db8d-906f-4c8b-99d3-718aeaee0ac1,2022-04-20 10:13:34.879171
34.1,4,91,68,1985,16,81,3,mazda glc 4,04c234a6-a15a-4f42-9d38-80940f32823c,2022-04-20 10:13:34.879189
34.7,4,105,63,2215,14.9,81,1,plymouth horizon 4,ea481ec4-0ecc-4463-85db-a439fc15ce61,2022-04-20 10:13:34.879200
34.4,4,98,65,2045,16.2,81,1,ford escort 4w,a0ab784b-7a68-47e7-b077-2fd13ee1e21b,2022-04-20 10:13:34.879208
29.9,4,98,65,2380,20.7,81,1,ford escort 2h,2acc7fb5-3331-4e2a-949e-3636988a53c0,2022-04-20 10:13:34.879216
33,4,105,74,2190,14.2,81,2,volkswagen jetta,c207a9e1-f559-4bf1-95cd-8af8e2c0aaa3,2022-04-20 10:13:34.879224
33.7,4,107,75,2210,14.4,81,3,honda prelude,b665bffb-c8b6-4a4a-ba1d-954c82f79478,2022-04-20 10:13:34.879233
32.4,4,108,75,2350,16.8,81,3,toyota corolla,b2ad2ca5-6300-4bed-b4a6-91e27027af56,2022-04-20 10:13:34.879241
32.9,4,119,100,2615,14.8,81,3,datsun 200sx,79fde05f-7d62-4253-8582-6e9657335d35,2022-04-20 10:13:34.879249
31.6,4,120,74,2635,18.3,81,3,mazda 626,68d48ebc-c33d-4051-8b56-a2bf1c7a15e6,2022-04-20 10:13:34.879257
28.1,4,141,80,3230,20.4,81,2,peugeot 505s turbo diesel,4c916bb6-d882-40c4-afd1-98f50a083862,2022-04-20 10:13:34.879265
30.7,6,145,76,3160,19.6,81,2,volvo diesel,a5ff9dcd-1dca-424f-ad60-b1d46ca33c26,2022-04-20 10:13:34.879273
25.4,6,168,116,2900,12.6,81,3,toyota cressida,90b32e17-b36e-48f9-a383-081d52aae319,2022-04-20 10:13:34.879281
24.2,6,146,120,2930,13.8,81,3,datsun 810 maxima,6a1dab6a-3db2-4f7b-be01-5c96a0b1867d,2022-04-20 10:13:34.879289
22.4,6,231,110,3415,15.8,81,1,buick century,f24d7da0-5e9a-4a1e-adca-17d32cb1355d,2022-04-20 10:13:34.879298
26.6,8,350,105,3725,19,81,1,oldsmobile cutlass ls,82feb3fe-b172-499a-b7cd-19aa30f8833a,2022-04-20 10:13:34.879306
20.2,6,200,88,3060,17.1,81,1,ford granada gl,e0390449-c529-4c93-981b-08795d54b528,2022-04-20 10:13:34.879314
17.6,6,225,85,3465,16.6,81,1,chrysler lebaron salon,2ed307cb-b600-4c12-8e14-9ac24c28b1f1,2022-04-20 10:13:34.879323
28,4,112,88,2605,19.6,82,1,chevrolet cavalier,3d289f3c-0ab0-4432-8a66-d7688d3b15ac,2022-04-20 10:13:34.879331
27,4,112,88,2640,18.6,82,1,chevrolet cavalier wagon,4a908352-f8f8-4829-b463-eabe3f1ef2fb,2022-04-20 10:13:34.879344
34,4,112,88,2395,18,82,1,chevrolet cavalier 2-door,544716dc-1dbf-4911-9856-f50e6a3b1588,2022-04-20 10:13:34.879353
31,4,112,85,2575,16.2,82,1,pontiac j2000 se hatchback,5d67fb09-7b5b-4cce-b51a-b0ebdcc7c026,2022-04-20 10:13:34.879368
29,4,135,84,2525,16,82,1,dodge aries se,b3312726-37a2-472e-a13f-cd69a48806b6,2022-04-20 10:13:34.879386
27,4,151,90,2735,18,82,1,pontiac phoenix,ee91768d-00a9-4988-8642-645f0fd366de,2022-04-20 10:13:34.879395
24,4,140,92,2865,16.4,82,1,ford fairmont futura,7cacd94c-ceb0-4bc2-85f6-b8013e62252c,2022-04-20 10:13:34.879403
36,4,105,74,1980,15.3,82,2,volkswagen rabbit l,f979858d-fbbf-4da4-896e-bea8c3f18ade,2022-04-20 10:13:34.879411
37,4,91,68,2025,18.2,82,3,mazda glc custom l,140e558b-1029-4634-aa80-bf0e2661caec,2022-04-20 10:13:34.879419
31,4,91,68,1970,17.6,82,3,mazda glc custom,59e27e6d-fafe-4b3d-acfc-e8cee04196f8,2022-04-20 10:13:34.879427
38,4,105,63,2125,14.7,82,1,plymouth horizon miser,df1ac494-6877-4f53-b499-2f19186a882c,2022-04-20 10:13:34.879444
36,4,98,70,2125,17.3,82,1,mercury lynx l,17bc5b44-5a05-4657-8762-205eddf94f59,2022-04-20 10:13:34.879466
36,4,120,88,2160,14.5,82,3,nissan stanza xe,b2ec17af-6898-4141-87e5-86b63a92a7e6,2022-04-20 10:13:34.879476
36,4,107,75,2205,14.5,82,3,honda accord,98c4ff18-c090-4f10-ab06-66430a6b0c12,2022-04-20 10:13:34.879484
34,4,108,70,2245,16.9,82,3,toyota corolla,448879d7-b3aa-4fd7-bcea-3c47a963414e,2022-04-20 10:13:34.879492
38,4,91,67,1965,15,82,3,honda civic,aa460e7a-986d-4042-9542-efbe7d31b45f,2022-04-20 10:13:34.879500
32,4,91,67,1965,15.7,82,3,honda civic (auto),f2031a10-99d6-4890-9bf8-f621f280ca44,2022-04-20 10:13:34.879508
38,4,91,67,1995,16.2,82,3,datsun 310 gx,b9fe1a99-454c-472d-8a1c-ca5c85eead07,2022-04-20 10:13:34.879516
25,6,181,110,2945,16.4,82,1,buick century limited,d6110f6c-5032-497f-8be9-b06cc2c82e79,2022-04-20 10:13:34.879524
38,6,262,85,3015,17,82,1,oldsmobile cutlass ciera (diesel),28a13088-60dc-4d33-adbe-95e7587f803e,2022-04-20 10:13:34.879533
26,4,156,92,2585,14.5,82,1,chrysler lebaron medallion,db3fe53b-1211-4c90-a18c-10bcf58372c0,2022-04-20 10:13:34.879541
22,6,232,112,2835,14.7,82,1,ford granada l,c6e18231-022a-4720-971d-f2fcfac814ec,2022-04-20 10:13:34.879549
32,4,144,96,2665,13.9,82,3,toyota celica gt,36248e9b-aba4-46a2-9a31-91e486ab433c,2022-04-20 10:13:34.879557
36,4,135,84,2370,13,82,1,dodge charger 2.2,549db4e7-af10-4d10-8ce5-f9e7f1163090,2022-04-20 10:13:34.879565
27,4,151,90,2950,17.3,82,1,chevrolet camaro,516695c2-379f-470d-879d-ed1bfaa20e45,2022-04-20 10:13:34.879573
27,4,140,86,2790,15.6,82,1,ford mustang gl,b9972aee-684a-4e35-8512-572f882a485f,2022-04-20 10:13:34.879581
44,4,97,52,2130,24.6,82,2,vw pickup,b37cdcd3-c8a8-46ae-b874-41c7a3b3bcc7,2022-04-20 10:13:34.879589
32,4,135,84,2295,11.6,82,1,dodge rampage,51f708a9-215b-4bed-8ef0-2590637b672f,2022-04-20 10:13:34.879597
28,4,120,79,2625,18.6,82,1,ford ranger,16452652-4926-42ed-a1c9-47ea7cee3044,2022-04-20 10:13:34.879605
31,4,119,82,2720,19.4,82,1,chevy s-10,1ced052d-0da0-4c69-a34a-d04707426767,2022-04-20 10:13:34.879613
